{"cameraMode":{"drawMode":0,"name":"Shaded","section":"Shading Mode"},"sceneLighting":true,"audioPlay":false,"sceneViewState":{"showFog":true,"showMaterialUpdate":false,"showSkybox":true,"showFlares":true,"showImageEffects":true,"showParticleSystems":true},"in2DMode":false,"pivot":{"x":5.549757957458496,"y":2.6971981525421144,"z":30.326496124267579},"rotation":{"x":-0.03584463894367218,"y":0.09041982144117356,"z":0.0032564958091825248,"w":0.9952552318572998},"size":5.121682643890381,"orthographic":false}