{"cameraMode":{"drawMode":0,"name":"Shaded","section":"Shading Mode"},"sceneLighting":false,"audioPlay":false,"sceneViewState":{"showFog":true,"showMaterialUpdate":false,"showSkybox":false,"showFlares":true,"showImageEffects":true,"showParticleSystems":true},"in2DMode":false,"pivot":{"x":4.933795928955078,"y":-11.213268280029297,"z":9.236465454101563},"rotation":{"x":-0.26941269636154177,"y":0.17982040345668794,"z":-0.05128202214837074,"w":-0.9446966648101807},"size":36.525421142578128,"orthographic":false}