{"cameraMode":{"drawMode":0,"name":"Shaded","section":"Shading Mode"},"sceneLighting":true,"audioPlay":false,"sceneViewState":{"showFog":true,"showMaterialUpdate":false,"showSkybox":false,"showFlares":true,"showImageEffects":true,"showParticleSystems":true},"in2DMode":false,"pivot":{"x":-0.8675702810287476,"y":2.953355312347412,"z":82.2130355834961},"rotation":{"x":-0.025641825050115587,"y":0.11281879991292954,"z":-0.0029143262654542925,"w":-0.9932872653007507},"size":3.937337636947632,"orthographic":false}