{"cameraMode":{"drawMode":0,"name":"Shaded","section":"Shading Mode"},"sceneLighting":false,"audioPlay":false,"sceneViewState":{"showFog":true,"showMaterialUpdate":false,"showSkybox":false,"showFlares":true,"showImageEffects":true,"showParticleSystems":true},"in2DMode":false,"pivot":{"x":9.79526424407959,"y":4.268217086791992,"z":80.97572326660156},"rotation":{"x":0.029385337606072427,"y":-0.33464670181274416,"z":-0.010441102087497712,"w":-0.9418272376060486},"size":7.396345138549805,"orthographic":false}