{"cameraMode":{"drawMode":0,"name":"Shaded","section":"Shading Mode"},"sceneLighting":true,"audioPlay":false,"sceneViewState":{"showFog":true,"showMaterialUpdate":false,"showSkybox":false,"showFlares":true,"showImageEffects":true,"showParticleSystems":true},"in2DMode":false,"pivot":{"x":-23.087614059448243,"y":-1.6081695556640626,"z":5.700008869171143},"rotation":{"x":0.107665054500103,"y":-0.7059887647628784,"z":0.10995244979858399,"w":0.6913150548934937},"size":11.361175537109375,"orthographic":false}