{"cameraMode":{"drawMode":0,"name":"Shaded","section":"Shading Mode"},"sceneLighting":false,"audioPlay":false,"sceneViewState":{"showFog":true,"showMaterialUpdate":false,"showSkybox":false,"showFlares":true,"showImageEffects":true,"showParticleSystems":true},"in2DMode":false,"pivot":{"x":-1.8171424865722657,"y":1.0316681861877442,"z":164.08827209472657},"rotation":{"x":-0.1999177783727646,"y":0.2586710453033447,"z":-0.054812077432870868,"w":-0.9434601068496704},"size":6.31841516494751,"orthographic":false}