{"cameraMode":{"drawMode":0,"name":"Shaded","section":"Shading Mode"},"sceneLighting":false,"audioPlay":false,"sceneViewState":{"showFog":true,"showMaterialUpdate":false,"showSkybox":false,"showFlares":true,"showImageEffects":true,"showParticleSystems":true},"in2DMode":false,"pivot":{"x":3.393946647644043,"y":4.054046630859375,"z":120.72026824951172},"rotation":{"x":0.046046022325754169,"y":-0.07425521314144135,"z":-0.003432409605011344,"w":-0.9961703419685364},"size":11.42868709564209,"orthographic":false}