{"cameraMode":{"drawMode":0,"name":"Shaded","section":"Shading Mode"},"sceneLighting":false,"audioPlay":false,"sceneViewState":{"showFog":true,"showMaterialUpdate":false,"showSkybox":false,"showFlares":true,"showImageEffects":true,"showParticleSystems":true},"in2DMode":false,"pivot":{"x":-6.1204681396484379,"y":0.7368316650390625,"z":46.09857177734375},"rotation":{"x":-0.26941269636154177,"y":0.17982040345668794,"z":-0.05128202214837074,"w":-0.9446966648101807},"size":12.377779960632325,"orthographic":false}