{"cameraMode":{"drawMode":0,"name":"Shaded","section":"Shading Mode"},"sceneLighting":false,"audioPlay":false,"sceneViewState":{"showFog":true,"showMaterialUpdate":false,"showSkybox":false,"showFlares":true,"showImageEffects":true,"showParticleSystems":true},"in2DMode":false,"pivot":{"x":2.16900634765625,"y":2.53076171875,"z":145.396484375},"rotation":{"x":-0.008098668418824673,"y":0.02849515713751316,"z":0.00023080322716850787,"w":0.9995625615119934},"size":7.284248352050781,"orthographic":true}