{"cameraMode":{"drawMode":0,"name":"Shaded","section":"Shading Mode"},"sceneLighting":false,"audioPlay":false,"sceneViewState":{"showFog":true,"showMaterialUpdate":false,"showSkybox":false,"showFlares":true,"showImageEffects":true,"showParticleSystems":true},"in2DMode":false,"pivot":{"x":-0.26581907272338869,"y":0.8734159469604492,"z":45.489418029785159},"rotation":{"x":-0.26941269636154177,"y":0.17982040345668794,"z":-0.05128202214837074,"w":-0.9446966648101807},"size":16.88551902770996,"orthographic":false}