{"cameraMode":{"drawMode":0,"name":"Shaded","section":"Shading Mode"},"sceneLighting":true,"audioPlay":false,"sceneViewState":{"showFog":true,"showMaterialUpdate":false,"showSkybox":true,"showFlares":true,"showImageEffects":true,"showParticleSystems":true},"in2DMode":false,"pivot":{"x":0.520080029964447,"y":2.7251906394958498,"z":27.656713485717775},"rotation":{"x":-0.02549704723060131,"y":0.005998371634632349,"z":0.00015407739556394517,"w":0.9996615052223206},"size":5.633757591247559,"orthographic":false}