{"cameraMode":{"drawMode":0,"name":"Shaded","section":"Shading Mode"},"sceneLighting":true,"audioPlay":false,"sceneViewState":{"showFog":true,"showMaterialUpdate":false,"showSkybox":false,"showFlares":true,"showImageEffects":true,"showParticleSystems":true},"in2DMode":false,"pivot":{"x":-3.3506217002868654,"y":1.1222736835479737,"z":28.416133880615236},"rotation":{"x":-0.025641825050115587,"y":0.11281879991292954,"z":-0.0029143262654542925,"w":-0.9932872653007507},"size":16.89968490600586,"orthographic":false}