{"cameraMode":{"drawMode":0,"name":"Shaded","section":"Shading Mode"},"sceneLighting":true,"audioPlay":false,"sceneViewState":{"showFog":true,"showMaterialUpdate":false,"showSkybox":false,"showFlares":true,"showImageEffects":true,"showParticleSystems":true},"in2DMode":false,"pivot":{"x":8.638275146484375,"y":4.789445877075195,"z":3.2059707641601564},"rotation":{"x":-0.15270964801311494,"y":-0.0023748958483338358,"z":0.00036694432492367923,"w":-0.9882681369781494},"size":6.762967109680176,"orthographic":false}