{"cameraMode":{"drawMode":0,"name":"Shaded","section":"Shading Mode"},"sceneLighting":true,"audioPlay":false,"sceneViewState":{"showFog":true,"showMaterialUpdate":false,"showSkybox":false,"showFlares":true,"showImageEffects":true,"showParticleSystems":true},"in2DMode":false,"pivot":{"x":-5.986371994018555,"y":0.7218313217163086,"z":78.36604309082031},"rotation":{"x":-0.1999177783727646,"y":0.2586710453033447,"z":-0.054812077432870868,"w":-0.9434601068496704},"size":12.968484878540039,"orthographic":false}