{"cameraMode":{"drawMode":0,"name":"Shaded","section":"Shading Mode"},"sceneLighting":false,"audioPlay":false,"sceneViewState":{"showFog":true,"showMaterialUpdate":false,"showSkybox":false,"showFlares":true,"showImageEffects":true,"showParticleSystems":true},"in2DMode":false,"pivot":{"x":-0.46677008271217348,"y":2.1154162883758547,"z":39.563209533691409},"rotation":{"x":-0.05993137136101723,"y":-0.03293450176715851,"z":-0.0019784430041909219,"w":0.9976569414138794},"size":2.54516863822937,"orthographic":false}