{"cameraMode":{"drawMode":0,"name":"Shaded","section":"Shading Mode"},"sceneLighting":false,"audioPlay":false,"sceneViewState":{"showFog":true,"showMaterialUpdate":false,"showSkybox":false,"showFlares":true,"showImageEffects":true,"showParticleSystems":true},"in2DMode":false,"pivot":{"x":-4.109858989715576,"y":2.14262056350708,"z":37.40045928955078},"rotation":{"x":0.061443597078323367,"y":-0.023952407762408258,"z":0.0014749097172170878,"w":0.9978227019309998},"size":7.623527526855469,"orthographic":false}