{"cameraMode":{"drawMode":0,"name":"Shaded","section":"Shading Mode"},"sceneLighting":false,"audioPlay":false,"sceneViewState":{"showFog":true,"showMaterialUpdate":false,"showSkybox":false,"showFlares":true,"showImageEffects":true,"showParticleSystems":true},"in2DMode":false,"pivot":{"x":-7.459972858428955,"y":4.988529682159424,"z":174.72975158691407},"rotation":{"x":-0.1999177783727646,"y":0.2586710453033447,"z":-0.054812077432870868,"w":-0.9434601068496704},"size":10.73477554321289,"orthographic":false}