{"cameraMode":{"drawMode":0,"name":"Shaded","section":"Shading Mode"},"sceneLighting":false,"audioPlay":false,"sceneViewState":{"showFog":true,"showMaterialUpdate":false,"showSkybox":false,"showFlares":true,"showImageEffects":true,"showParticleSystems":true},"in2DMode":false,"pivot":{"x":-0.25621986389160159,"y":0.7734158039093018,"z":115.33843994140625},"rotation":{"x":-0.1999177783727646,"y":0.2586710453033447,"z":-0.054812077432870868,"w":-0.9434601068496704},"size":17.315025329589845,"orthographic":false}