{"cameraMode":{"drawMode":0,"name":"Shaded","section":"Shading Mode"},"sceneLighting":false,"audioPlay":false,"sceneViewState":{"showFog":true,"showMaterialUpdate":false,"showSkybox":false,"showFlares":true,"showImageEffects":true,"showParticleSystems":true},"in2DMode":false,"pivot":{"x":-0.7974853515625,"y":4.60498046875,"z":147.22314453125},"rotation":{"x":0.3503001928329468,"y":-0.05334731191396713,"z":0.0199887715280056,"w":0.9349034428596497},"size":4.427114486694336,"orthographic":true}