{"cameraMode":{"drawMode":0,"name":"Shaded","section":"Shading Mode"},"sceneLighting":false,"audioPlay":false,"sceneViewState":{"showFog":true,"showMaterialUpdate":false,"showSkybox":false,"showFlares":true,"showImageEffects":true,"showParticleSystems":true},"in2DMode":false,"pivot":{"x":7.910041809082031,"y":1.5839271545410157,"z":35.0},"rotation":{"x":-0.26941269636154177,"y":0.17982040345668794,"z":-0.05128202214837074,"w":-0.9446966648101807},"size":7.622817516326904,"orthographic":false}