{"cameraMode":{"drawMode":0,"name":"Shaded","section":"Shading Mode"},"sceneLighting":true,"audioPlay":false,"sceneViewState":{"showFog":true,"showMaterialUpdate":false,"showSkybox":true,"showFlares":true,"showImageEffects":true,"showParticleSystems":true},"in2DMode":false,"pivot":{"x":-2.449517250061035,"y":-5.064383506774902,"z":15.518318176269532},"rotation":{"x":-0.23851090669631959,"y":0.08639051765203476,"z":-0.021307488903403283,"w":-0.9670588374137878},"size":11.96392822265625,"orthographic":false}