{"cameraMode":{"drawMode":0,"name":"Shaded","section":"Shading Mode"},"sceneLighting":false,"audioPlay":false,"sceneViewState":{"showFog":true,"showMaterialUpdate":false,"showSkybox":false,"showFlares":true,"showImageEffects":true,"showParticleSystems":true},"in2DMode":false,"pivot":{"x":-0.9767305850982666,"y":1.3640549182891846,"z":23.183454513549806},"rotation":{"x":-0.08547981828451157,"y":-0.36000293493270876,"z":0.033145349472761157,"w":-0.9284381866455078},"size":4.142997741699219,"orthographic":false}