{"cameraMode":{"drawMode":0,"name":"Shaded","section":"Shading Mode"},"sceneLighting":false,"audioPlay":false,"sceneViewState":{"showFog":true,"showMaterialUpdate":false,"showSkybox":false,"showFlares":true,"showImageEffects":true,"showParticleSystems":true},"in2DMode":false,"pivot":{"x":-1.8512797355651856,"y":7.07624626159668,"z":62.662681579589847},"rotation":{"x":-0.21939346194267274,"y":-0.1839931607246399,"z":0.042169779539108279,"w":-0.9572064876556397},"size":6.39944314956665,"orthographic":false}