{"cameraMode":{"drawMode":0,"name":"Shaded","section":"Shading Mode"},"sceneLighting":false,"audioPlay":false,"sceneViewState":{"showFog":true,"showMaterialUpdate":false,"showSkybox":false,"showFlares":true,"showImageEffects":true,"showParticleSystems":true},"in2DMode":false,"pivot":{"x":-1.5419998168945313,"y":1.010000228881836,"z":147.27999877929688},"rotation":{"x":-0.20184993743896485,"y":-0.15296177566051484,"z":0.031933821737766269,"w":-0.9668747186660767},"size":12.288140296936036,"orthographic":false}