{"cameraMode":{"drawMode":0,"name":"Shaded","section":"Shading Mode"},"sceneLighting":false,"audioPlay":false,"sceneViewState":{"showFog":true,"showMaterialUpdate":false,"showSkybox":false,"showFlares":true,"showImageEffects":true,"showParticleSystems":true},"in2DMode":false,"pivot":{"x":-5.325139999389648,"y":4.107797622680664,"z":113.53477478027344},"rotation":{"x":-0.18636226654052735,"y":-0.05979418009519577,"z":0.011364462785422802,"w":-0.9805991053581238},"size":2.2523488998413088,"orthographic":false}