{"cameraMode":{"drawMode":0,"name":"Shaded","section":"Shading Mode"},"sceneLighting":false,"audioPlay":false,"sceneViewState":{"showFog":true,"showMaterialUpdate":false,"showSkybox":false,"showFlares":true,"showImageEffects":true,"showParticleSystems":true},"in2DMode":false,"pivot":{"x":16.259286880493165,"y":3.603992462158203,"z":6.4617919921875},"rotation":{"x":-0.029483266174793245,"y":-0.6606837511062622,"z":0.02598443254828453,"w":-0.7496452331542969},"size":15.941306114196778,"orthographic":false}