{"cameraMode":{"drawMode":0,"name":"Shaded","section":"Shading Mode"},"sceneLighting":false,"audioPlay":false,"sceneViewState":{"showFog":true,"showMaterialUpdate":false,"showSkybox":false,"showFlares":true,"showImageEffects":true,"showParticleSystems":true},"in2DMode":false,"pivot":{"x":0.8157283067703247,"y":8.633252143859864,"z":78.42927551269531},"rotation":{"x":0.17403379082679749,"y":-0.05403466895222664,"z":-0.009564193896949292,"w":-0.9832140207290649},"size":11.33687973022461,"orthographic":false}