{"cameraMode":{"drawMode":0,"name":"Shaded","section":"Shading Mode"},"sceneLighting":true,"audioPlay":false,"sceneViewState":{"showFog":true,"showMaterialUpdate":false,"showSkybox":true,"showFlares":true,"showImageEffects":true,"showParticleSystems":true},"in2DMode":false,"pivot":{"x":480.4312744140625,"y":150.23309326171876,"z":383.7210388183594},"rotation":{"x":-0.15263116359710694,"y":0.03171510621905327,"z":-0.004900726024061441,"w":-0.9877623915672302},"size":577.6759033203125,"orthographic":false}