{"cameraMode":{"drawMode":0,"name":"Shaded","section":"Shading Mode"},"sceneLighting":false,"audioPlay":false,"sceneViewState":{"showFog":true,"showMaterialUpdate":false,"showSkybox":false,"showFlares":true,"showImageEffects":true,"showParticleSystems":true},"in2DMode":false,"pivot":{"x":-7.533422470092773,"y":-10.525043487548829,"z":38.78578186035156},"rotation":{"x":-0.24497520923614503,"y":0.15538352727890016,"z":-0.039810072630643848,"w":-0.9561707973480225},"size":13.920312881469727,"orthographic":false}