{"cameraMode":{"drawMode":0,"name":"Shaded","section":"Shading Mode"},"sceneLighting":false,"audioPlay":false,"sceneViewState":{"showFog":true,"showMaterialUpdate":false,"showSkybox":false,"showFlares":true,"showImageEffects":true,"showParticleSystems":true},"in2DMode":false,"pivot":{"x":8.401935577392579,"y":6.314701080322266,"z":154.86000061035157},"rotation":{"x":-0.20184993743896485,"y":-0.15296177566051484,"z":0.031933821737766269,"w":-0.9668747186660767},"size":12.214712142944336,"orthographic":false}