{"cameraMode":{"drawMode":0,"name":"Shaded","section":"Shading Mode"},"sceneLighting":false,"audioPlay":false,"sceneViewState":{"showFog":true,"showMaterialUpdate":false,"showSkybox":false,"showFlares":true,"showImageEffects":true,"showParticleSystems":true},"in2DMode":false,"pivot":{"x":8.24854850769043,"y":1.7335740327835084,"z":124.6527328491211},"rotation":{"x":-0.30856600403785708,"y":-0.09481936693191529,"z":0.0309294406324625,"w":-0.9459640979766846},"size":7.911384582519531,"orthographic":false}