{"cameraMode":{"drawMode":0,"name":"Shaded","section":"Shading Mode"},"sceneLighting":false,"audioPlay":false,"sceneViewState":{"showFog":true,"showMaterialUpdate":false,"showSkybox":false,"showFlares":true,"showImageEffects":true,"showParticleSystems":true},"in2DMode":false,"pivot":{"x":-4.810247421264648,"y":2.5155911445617677,"z":17.29671287536621},"rotation":{"x":0.0284060500562191,"y":0.321058988571167,"z":-0.009634660556912423,"w":0.9465844035148621},"size":9.843396186828614,"orthographic":false}