{"cameraMode":{"drawMode":0,"name":"Shaded","section":"Shading Mode"},"sceneLighting":false,"audioPlay":false,"sceneViewState":{"showFog":true,"showMaterialUpdate":false,"showSkybox":false,"showFlares":true,"showImageEffects":true,"showParticleSystems":true},"in2DMode":false,"pivot":{"x":-0.9147627353668213,"y":1.3903708457946778,"z":183.21432495117188},"rotation":{"x":-0.26594603061676028,"y":-0.13194212317466737,"z":0.0367741584777832,"w":-0.9542132019996643},"size":1.5114824771881104,"orthographic":false}