{"cameraMode":{"drawMode":0,"name":"Shaded","section":"Shading Mode"},"sceneLighting":false,"audioPlay":false,"sceneViewState":{"showFog":true,"showMaterialUpdate":false,"showSkybox":false,"showFlares":true,"showImageEffects":true,"showParticleSystems":true},"in2DMode":false,"pivot":{"x":3.403930187225342,"y":2.9639859199523927,"z":64.72914123535156},"rotation":{"x":-0.02104628086090088,"y":-0.15622404217720033,"z":0.003330023493617773,"w":-0.9874946475028992},"size":5.638206481933594,"orthographic":false}