{"cameraMode":{"drawMode":0,"name":"Shaded","section":"Shading Mode"},"sceneLighting":false,"audioPlay":false,"sceneViewState":{"showFog":true,"showMaterialUpdate":false,"showSkybox":false,"showFlares":true,"showImageEffects":true,"showParticleSystems":true},"in2DMode":false,"pivot":{"x":0.9499759674072266,"y":-6.048863887786865,"z":136.33029174804688},"rotation":{"x":-0.262077659368515,"y":-0.06594857573509217,"z":0.017954878509044648,"w":-0.9626292586326599},"size":8.70860767364502,"orthographic":false}