{"cameraMode":{"drawMode":0,"name":"Shaded","section":"Shading Mode"},"sceneLighting":false,"audioPlay":false,"sceneViewState":{"showFog":true,"showMaterialUpdate":false,"showSkybox":false,"showFlares":true,"showImageEffects":true,"showParticleSystems":true},"in2DMode":false,"pivot":{"x":0.6254138946533203,"y":1.914172649383545,"z":34.28230667114258},"rotation":{"x":-0.0792648121714592,"y":0.7055588960647583,"z":-0.07993298768997193,"w":-0.699657142162323},"size":4.919576168060303,"orthographic":false}