{"cameraMode":{"drawMode":0,"name":"Shaded","section":"Shading Mode"},"sceneLighting":false,"audioPlay":false,"sceneViewState":{"showFog":true,"showMaterialUpdate":false,"showSkybox":false,"showFlares":true,"showImageEffects":true,"showParticleSystems":true},"in2DMode":false,"pivot":{"x":13.638833045959473,"y":-1.1571149826049805,"z":22.590421676635743},"rotation":{"x":-0.08547981828451157,"y":-0.36000293493270876,"z":0.033145349472761157,"w":-0.9284381866455078},"size":12.198322296142579,"orthographic":false}