{"cameraMode":{"drawMode":0,"name":"Shaded","section":"Shading Mode"},"sceneLighting":false,"audioPlay":false,"sceneViewState":{"showFog":true,"showMaterialUpdate":false,"showSkybox":false,"showFlares":true,"showImageEffects":true,"showParticleSystems":true},"in2DMode":false,"pivot":{"x":-6.807357311248779,"y":2.0653014183044435,"z":185.0},"rotation":{"x":-0.26594603061676028,"y":-0.13194212317466737,"z":0.0367741584777832,"w":-0.9542132019996643},"size":8.831841468811036,"orthographic":false}