{"cameraMode":{"drawMode":0,"name":"Shaded","section":"Shading Mode"},"sceneLighting":true,"audioPlay":false,"sceneViewState":{"showFog":true,"showMaterialUpdate":false,"showSkybox":false,"showFlares":true,"showImageEffects":true,"showParticleSystems":true},"in2DMode":false,"pivot":{"x":5.986371994018555,"y":0.7218313217163086,"z":1.6339609622955323},"rotation":{"x":-0.007488385774195194,"y":-0.0554698146879673,"z":-0.00041606673039495945,"w":0.9984326362609863},"size":12.968484878540039,"orthographic":false}