{"cameraMode":{"drawMode":0,"name":"Shaded","section":"Shading Mode"},"sceneLighting":false,"audioPlay":false,"sceneViewState":{"showFog":true,"showMaterialUpdate":false,"showSkybox":false,"showFlares":true,"showImageEffects":true,"showParticleSystems":true},"in2DMode":false,"pivot":{"x":-2.169829845428467,"y":-2.2455005645751955,"z":81.22325134277344},"rotation":{"x":-0.4192725718021393,"y":-0.15745145082473756,"z":0.07408978044986725,"w":-0.8910308480262756},"size":8.749308586120606,"orthographic":false}