{"cameraMode":{"drawMode":0,"name":"Shaded","section":"Shading Mode"},"sceneLighting":false,"audioPlay":false,"sceneViewState":{"showFog":true,"showMaterialUpdate":false,"showSkybox":false,"showFlares":true,"showImageEffects":true,"showParticleSystems":true},"in2DMode":false,"pivot":{"x":-0.7488155364990234,"y":1.249560832977295,"z":6.494848251342773},"rotation":{"x":-0.1406828761100769,"y":0.24726776778697968,"z":-0.03631169721484184,"w":-0.9579927921295166},"size":5.707395553588867,"orthographic":false}