{"cameraMode":{"drawMode":0,"name":"Shaded","section":"Shading Mode"},"sceneLighting":false,"audioPlay":false,"sceneViewState":{"showFog":true,"showMaterialUpdate":false,"showSkybox":false,"showFlares":true,"showImageEffects":true,"showParticleSystems":true},"in2DMode":false,"pivot":{"x":-6.602608680725098,"y":0.7368311882019043,"z":22.32457733154297},"rotation":{"x":-0.24497520923614503,"y":0.15538352727890016,"z":-0.039810072630643848,"w":-0.9561707973480225},"size":12.689197540283204,"orthographic":false}