{"cameraMode":{"drawMode":0,"name":"Shaded","section":"Shading Mode"},"sceneLighting":false,"audioPlay":false,"sceneViewState":{"showFog":true,"showMaterialUpdate":false,"showSkybox":false,"showFlares":true,"showImageEffects":true,"showParticleSystems":true},"in2DMode":false,"pivot":{"x":7.739673614501953,"y":4.298642158508301,"z":75.03874969482422},"rotation":{"x":-0.2915059030056,"y":0.007746197283267975,"z":-0.0023613956291228534,"w":-0.9565383791923523},"size":8.89135456085205,"orthographic":false}