{"cameraMode":{"drawMode":0,"name":"Shaded","section":"Shading Mode"},"sceneLighting":false,"audioPlay":false,"sceneViewState":{"showFog":true,"showMaterialUpdate":false,"showSkybox":false,"showFlares":true,"showImageEffects":true,"showParticleSystems":true},"in2DMode":false,"pivot":{"x":-0.36770105361938479,"y":6.2207183837890629,"z":35.090003967285159},"rotation":{"x":-0.24497520923614503,"y":0.15538352727890016,"z":-0.039810072630643848,"w":-0.9561707973480225},"size":8.844802856445313,"orthographic":false}