{"cameraMode":{"drawMode":0,"name":"Shaded","section":"Shading Mode"},"sceneLighting":false,"audioPlay":false,"sceneViewState":{"showFog":true,"showMaterialUpdate":false,"showSkybox":false,"showFlares":true,"showImageEffects":true,"showParticleSystems":true},"in2DMode":false,"pivot":{"x":-15.308004379272461,"y":-4.028707027435303,"z":6.024420738220215},"rotation":{"x":-0.22055494785308839,"y":0.6865791082382202,"z":-0.23196029663085938,"w":-0.6528195738792419},"size":10.98815631866455,"orthographic":false}