{"cameraMode":{"drawMode":0,"name":"Shaded","section":"Shading Mode"},"sceneLighting":false,"audioPlay":false,"sceneViewState":{"showFog":true,"showMaterialUpdate":false,"showSkybox":false,"showFlares":true,"showImageEffects":true,"showParticleSystems":true},"in2DMode":false,"pivot":{"x":0.4998432993888855,"y":-1.597915768623352,"z":74.88095092773438},"rotation":{"x":-0.27701467275619509,"y":-0.10151996463537216,"z":0.02944740280508995,"w":-0.9550371766090393},"size":4.402892589569092,"orthographic":false}