{"cameraMode":{"drawMode":0,"name":"Shaded","section":"Shading Mode"},"sceneLighting":false,"audioPlay":false,"sceneViewState":{"showFog":true,"showMaterialUpdate":false,"showSkybox":false,"showFlares":true,"showImageEffects":true,"showParticleSystems":true},"in2DMode":false,"pivot":{"x":6.337357044219971,"y":4.236086368560791,"z":95.0},"rotation":{"x":-0.02104628086090088,"y":-0.15622404217720033,"z":0.003330023493617773,"w":-0.9874946475028992},"size":9.734114646911621,"orthographic":false}