{"cameraMode":{"drawMode":0,"name":"Shaded","section":"Shading Mode"},"sceneLighting":false,"audioPlay":false,"sceneViewState":{"showFog":true,"showMaterialUpdate":false,"showSkybox":false,"showFlares":true,"showImageEffects":true,"showParticleSystems":true},"in2DMode":false,"pivot":{"x":-1.562442421913147,"y":0.6817679405212402,"z":154.4456787109375},"rotation":{"x":-0.26594603061676028,"y":-0.13194212317466737,"z":0.0367741584777832,"w":-0.9542132019996643},"size":3.363499879837036,"orthographic":false}