{"cameraMode":{"drawMode":0,"name":"Shaded","section":"Shading Mode"},"sceneLighting":false,"audioPlay":false,"sceneViewState":{"showFog":true,"showMaterialUpdate":false,"showSkybox":false,"showFlares":true,"showImageEffects":true,"showParticleSystems":true},"in2DMode":false,"pivot":{"x":-1.8181757926940919,"y":2.2834324836730959,"z":4.27102518081665},"rotation":{"x":0.058418698608875278,"y":-0.040419675409793857,"z":0.0023672531824558975,"w":0.9974709749221802},"size":4.586936950683594,"orthographic":false}