{"cameraMode":{"drawMode":0,"name":"Shaded","section":"Shading Mode"},"sceneLighting":false,"audioPlay":false,"sceneViewState":{"showFog":true,"showMaterialUpdate":false,"showSkybox":false,"showFlares":true,"showImageEffects":true,"showParticleSystems":true},"in2DMode":false,"pivot":{"x":-8.491961479187012,"y":4.886692047119141,"z":105.27403259277344},"rotation":{"x":-0.02104628086090088,"y":-0.15622404217720033,"z":0.003330023493617773,"w":-0.9874946475028992},"size":9.742790222167969,"orthographic":false}