{"cameraMode":{"drawMode":0,"name":"Shaded","section":"Shading Mode"},"sceneLighting":false,"audioPlay":false,"sceneViewState":{"showFog":true,"showMaterialUpdate":false,"showSkybox":false,"showFlares":true,"showImageEffects":true,"showParticleSystems":true},"in2DMode":false,"pivot":{"x":-5.287406921386719,"y":0.7198314666748047,"z":196.98806762695313},"rotation":{"x":-0.13644874095916749,"y":-0.3645179569721222,"z":0.05408892780542374,"w":-0.9195623993873596},"size":13.587501525878907,"orthographic":false}