{"cameraMode":{"drawMode":0,"name":"Shaded","section":"Shading Mode"},"sceneLighting":true,"audioPlay":false,"sceneViewState":{"showFog":true,"showMaterialUpdate":false,"showSkybox":false,"showFlares":true,"showImageEffects":true,"showParticleSystems":true},"in2DMode":false,"pivot":{"x":-6.287357330322266,"y":2.0603015422821047,"z":5.0},"rotation":{"x":-0.007488385774195194,"y":-0.0554698146879673,"z":-0.00041606673039495945,"w":0.9984326362609863},"size":8.845388412475586,"orthographic":false}