{"cameraMode":{"drawMode":0,"name":"Shaded","section":"Shading Mode"},"sceneLighting":false,"audioPlay":false,"sceneViewState":{"showFog":true,"showMaterialUpdate":false,"showSkybox":false,"showFlares":true,"showImageEffects":true,"showParticleSystems":true},"in2DMode":false,"pivot":{"x":-1.835519790649414,"y":0.809999942779541,"z":187.41403198242188},"rotation":{"x":-0.26594603061676028,"y":-0.13194212317466737,"z":0.0367741584777832,"w":-0.9542132019996643},"size":5.891530990600586,"orthographic":false}