{"cameraMode":{"drawMode":0,"name":"Shaded","section":"Shading Mode"},"sceneLighting":false,"audioPlay":false,"sceneViewState":{"showFog":true,"showMaterialUpdate":false,"showSkybox":false,"showFlares":true,"showImageEffects":true,"showParticleSystems":true},"in2DMode":false,"pivot":{"x":-0.7515139579772949,"y":2.0764760971069338,"z":103.09007263183594},"rotation":{"x":-0.28964337706565859,"y":-0.052514925599098209,"z":0.01591862179338932,"w":-0.9555652141571045},"size":5.852349758148193,"orthographic":false}