{"cameraMode":{"drawMode":0,"name":"Shaded","section":"Shading Mode"},"sceneLighting":true,"audioPlay":false,"sceneViewState":{"showFog":true,"showMaterialUpdate":false,"showSkybox":true,"showFlares":true,"showImageEffects":true,"showParticleSystems":true},"in2DMode":false,"pivot":{"x":29.231273651123048,"y":-15.536813735961914,"z":8.32465934753418},"rotation":{"x":0.2001699060201645,"y":0.5714601874351502,"z":-0.14622215926647187,"w":0.7822959423065186},"size":21.74261474609375,"orthographic":false}