{"cameraMode":{"drawMode":0,"name":"Shaded","section":"Shading Mode"},"sceneLighting":false,"audioPlay":false,"sceneViewState":{"showFog":true,"showMaterialUpdate":false,"showSkybox":false,"showFlares":true,"showImageEffects":true,"showParticleSystems":true},"in2DMode":false,"pivot":{"x":5.459044456481934,"y":0.7368316650390625,"z":192.39010620117188},"rotation":{"x":-0.13644874095916749,"y":-0.3645179569721222,"z":0.05408892780542374,"w":-0.9195623993873596},"size":13.436569213867188,"orthographic":false}