{"cameraMode":{"drawMode":0,"name":"Shaded","section":"Shading Mode"},"sceneLighting":false,"audioPlay":false,"sceneViewState":{"showFog":true,"showMaterialUpdate":false,"showSkybox":false,"showFlares":true,"showImageEffects":true,"showParticleSystems":true},"in2DMode":false,"pivot":{"x":1.5283048152923585,"y":0.2941098213195801,"z":124.97700500488281},"rotation":{"x":-0.04220240190625191,"y":-0.06679277122020722,"z":0.0028281058184802534,"w":-0.9968746900558472},"size":8.989008903503418,"orthographic":false}