{"cameraMode":{"drawMode":0,"name":"Shaded","section":"Shading Mode"},"sceneLighting":false,"audioPlay":false,"sceneViewState":{"showFog":true,"showMaterialUpdate":false,"showSkybox":false,"showFlares":true,"showImageEffects":true,"showParticleSystems":true},"in2DMode":false,"pivot":{"x":-1.3267638683319092,"y":3.3837382793426515,"z":196.7667236328125},"rotation":{"x":-0.26594603061676028,"y":-0.13194212317466737,"z":0.0367741584777832,"w":-0.9542132019996643},"size":3.5077290534973146,"orthographic":false}