{"cameraMode":{"drawMode":0,"name":"Shaded","section":"Shading Mode"},"sceneLighting":false,"audioPlay":false,"sceneViewState":{"showFog":true,"showMaterialUpdate":false,"showSkybox":false,"showFlares":true,"showImageEffects":true,"showParticleSystems":true},"in2DMode":false,"pivot":{"x":0.5684378147125244,"y":-4.381264686584473,"z":104.49998474121094},"rotation":{"x":-0.39459699392318728,"y":-0.195527583360672,"z":0.08633781969547272,"w":-0.8936521410942078},"size":5.761975288391113,"orthographic":false}