{"cameraMode":{"drawMode":0,"name":"Shaded","section":"Shading Mode"},"sceneLighting":true,"audioPlay":false,"sceneViewState":{"showFog":true,"showMaterialUpdate":false,"showSkybox":false,"showFlares":true,"showImageEffects":true,"showParticleSystems":true},"in2DMode":false,"pivot":{"x":-6.602608680725098,"y":0.7368311882019043,"z":22.32457733154297},"rotation":{"x":-0.27839088439941409,"y":0.37602272629737856,"z":-0.11954294890165329,"w":-0.8756795525550842},"size":12.689197540283204,"orthographic":false}