{"cameraMode":{"drawMode":0,"name":"Shaded","section":"Shading Mode"},"sceneLighting":false,"audioPlay":false,"sceneViewState":{"showFog":true,"showMaterialUpdate":false,"showSkybox":false,"showFlares":true,"showImageEffects":true,"showParticleSystems":true},"in2DMode":false,"pivot":{"x":0.4735966920852661,"y":3.8837757110595705,"z":164.7620086669922},"rotation":{"x":0.014609936624765396,"y":-0.10420216619968414,"z":-0.001531047746539116,"w":-0.9944501519203186},"size":5.852349758148193,"orthographic":false}