{"cameraMode":{"drawMode":0,"name":"Shaded","section":"Shading Mode"},"sceneLighting":true,"audioPlay":false,"sceneViewState":{"showFog":true,"showMaterialUpdate":false,"showSkybox":false,"showFlares":true,"showImageEffects":true,"showParticleSystems":true},"in2DMode":false,"pivot":{"x":9.28245735168457,"y":-0.7056479454040527,"z":25.266651153564454},"rotation":{"x":-0.27839088439941409,"y":0.37602272629737856,"z":-0.11954294890165329,"w":-0.8756795525550842},"size":4.510353088378906,"orthographic":false}