{"cameraMode":{"drawMode":0,"name":"Shaded","section":"Shading Mode"},"sceneLighting":false,"audioPlay":false,"sceneViewState":{"showFog":true,"showMaterialUpdate":false,"showSkybox":false,"showFlares":true,"showImageEffects":true,"showParticleSystems":true},"in2DMode":false,"pivot":{"x":-1.7117048501968384,"y":2.1677980422973635,"z":185.2210693359375},"rotation":{"x":-0.21556434035301209,"y":-0.06819571554660797,"z":0.015093161724507809,"w":-0.9739912748336792},"size":4.052348613739014,"orthographic":false}