{"cameraMode":{"drawMode":0,"name":"Shaded","section":"Shading Mode"},"sceneLighting":false,"audioPlay":false,"sceneViewState":{"showFog":true,"showMaterialUpdate":false,"showSkybox":false,"showFlares":true,"showImageEffects":true,"showParticleSystems":true},"in2DMode":false,"pivot":{"x":-0.035532474517822269,"y":-3.9402034282684328,"z":128.59854125976563},"rotation":{"x":-0.2634499669075012,"y":-0.1220179870724678,"z":0.03361255303025246,"w":-0.9563403725624085},"size":5.852349758148193,"orthographic":false}