{"cameraMode":{"drawMode":0,"name":"Shaded","section":"Shading Mode"},"sceneLighting":true,"audioPlay":false,"sceneViewState":{"showFog":true,"showMaterialUpdate":false,"showSkybox":false,"showFlares":true,"showImageEffects":true,"showParticleSystems":true},"in2DMode":false,"pivot":{"x":-2.0823841094970705,"y":1.0378403663635255,"z":21.111133575439454},"rotation":{"x":-0.27839088439941409,"y":0.37602272629737856,"z":-0.11954294890165329,"w":-0.8756795525550842},"size":5.5956573486328129,"orthographic":false}