{"cameraMode":{"drawMode":0,"name":"Shaded","section":"Shading Mode"},"sceneLighting":true,"audioPlay":false,"sceneViewState":{"showFog":true,"showMaterialUpdate":false,"showSkybox":false,"showFlares":true,"showImageEffects":true,"showParticleSystems":true},"in2DMode":false,"pivot":{"x":-0.08192968368530274,"y":1.718979835510254,"z":46.358863830566409},"rotation":{"x":-0.25250157713890078,"y":0.3858904540538788,"z":-0.11067615449428559,"w":-0.8803883194923401},"size":12.709540367126465,"orthographic":false}