{"cameraMode":{"drawMode":0,"name":"Shaded","section":"Shading Mode"},"sceneLighting":false,"audioPlay":false,"sceneViewState":{"showFog":true,"showMaterialUpdate":false,"showSkybox":false,"showFlares":true,"showImageEffects":true,"showParticleSystems":true},"in2DMode":false,"pivot":{"x":-9.060359954833985,"y":2.6675071716308595,"z":103.30987548828125},"rotation":{"x":-0.49906104803085329,"y":0.343977153301239,"z":-0.22502365708351136,"w":-0.7628775835037231},"size":26.329818725585939,"orthographic":true}