{"cameraMode":{"drawMode":0,"name":"Shaded","section":"Shading Mode"},"sceneLighting":false,"audioPlay":false,"sceneViewState":{"showFog":true,"showMaterialUpdate":false,"showSkybox":false,"showFlares":true,"showImageEffects":true,"showParticleSystems":true},"in2DMode":false,"pivot":{"x":1.3861157894134522,"y":-2.6995654106140138,"z":189.89808654785157},"rotation":{"x":-0.275636225938797,"y":-0.01961113139986992,"z":0.005623871926218271,"w":-0.961050808429718},"size":7.011322498321533,"orthographic":false}