{"cameraMode":{"drawMode":0,"name":"Shaded","section":"Shading Mode"},"sceneLighting":false,"audioPlay":false,"sceneViewState":{"showFog":true,"showMaterialUpdate":false,"showSkybox":false,"showFlares":true,"showImageEffects":true,"showParticleSystems":true},"in2DMode":false,"pivot":{"x":-2.44685697555542,"y":-11.386714935302735,"z":100.3586196899414},"rotation":{"x":0.345817506313324,"y":-0.20588019490242005,"z":0.07805803418159485,"w":0.9121026396751404},"size":12.691614151000977,"orthographic":false}