{"cameraMode":{"drawMode":0,"name":"Shaded","section":"Shading Mode"},"sceneLighting":true,"audioPlay":false,"sceneViewState":{"showFog":true,"showMaterialUpdate":false,"showSkybox":false,"showFlares":true,"showImageEffects":true,"showParticleSystems":true},"in2DMode":false,"pivot":{"x":13.382232666015625,"y":-24.347030639648439,"z":90.30229187011719},"rotation":{"x":0.2732376456260681,"y":0.03029509261250496,"z":-0.00860984344035387,"w":0.9614306092262268},"size":63.382240295410159,"orthographic":false}