{"cameraMode":{"drawMode":0,"name":"Shaded","section":"Shading Mode"},"sceneLighting":false,"audioPlay":false,"sceneViewState":{"showFog":true,"showMaterialUpdate":false,"showSkybox":false,"showFlares":true,"showImageEffects":true,"showParticleSystems":true},"in2DMode":false,"pivot":{"x":-0.7563016414642334,"y":-1.3012837171554566,"z":192.00572204589845},"rotation":{"x":0.18138530850410462,"y":-0.005900430493056774,"z":0.001088092103600502,"w":0.9833943247795105},"size":3.4745264053344728,"orthographic":false}