{"cameraMode":{"drawMode":0,"name":"Shaded","section":"Shading Mode"},"sceneLighting":true,"audioPlay":false,"sceneViewState":{"showFog":true,"showMaterialUpdate":false,"showSkybox":false,"showFlares":true,"showImageEffects":true,"showParticleSystems":true},"in2DMode":false,"pivot":{"x":-2.6733670234680177,"y":-16.43519401550293,"z":41.88130187988281},"rotation":{"x":0.2136823832988739,"y":-0.021978037431836129,"z":0.004808665718883276,"w":0.9766443967819214},"size":28.4843807220459,"orthographic":false}