{"cameraMode":{"drawMode":0,"name":"Shaded","section":"Shading Mode"},"sceneLighting":false,"audioPlay":false,"sceneViewState":{"showFog":true,"showMaterialUpdate":false,"showSkybox":false,"showFlares":true,"showImageEffects":true,"showParticleSystems":true},"in2DMode":false,"pivot":{"x":0.010917901992797852,"y":3.2954869270324709,"z":154.87770080566407},"rotation":{"x":0.014609936624765396,"y":-0.10420216619968414,"z":-0.001531047746539116,"w":-0.9944501519203186},"size":5.852349758148193,"orthographic":false}