{"cameraMode":{"drawMode":0,"name":"Shaded","section":"Shading Mode"},"sceneLighting":true,"audioPlay":false,"sceneViewState":{"showFog":true,"showMaterialUpdate":false,"showSkybox":false,"showFlares":true,"showImageEffects":true,"showParticleSystems":true},"in2DMode":false,"pivot":{"x":-1.6996827125549317,"y":-1.2202553749084473,"z":10.49209213256836},"rotation":{"x":0.4526875913143158,"y":-0.14201720058918,"z":0.0732867419719696,"w":0.8772311210632324},"size":6.354012489318848,"orthographic":false}