{"cameraMode":{"drawMode":0,"name":"Shaded","section":"Shading Mode"},"sceneLighting":true,"audioPlay":false,"sceneViewState":{"showFog":true,"showMaterialUpdate":false,"showSkybox":false,"showFlares":true,"showImageEffects":true,"showParticleSystems":true},"in2DMode":false,"pivot":{"x":-1.9203178882598878,"y":-1.075944423675537,"z":10.632895469665528},"rotation":{"x":0.4526875913143158,"y":-0.14201720058918,"z":0.0732867419719696,"w":0.8772311210632324},"size":5.309089660644531,"orthographic":false}