{"cameraMode":{"drawMode":0,"name":"Shaded","section":"Shading Mode"},"sceneLighting":false,"audioPlay":false,"sceneViewState":{"showFog":true,"showMaterialUpdate":false,"showSkybox":false,"showFlares":true,"showImageEffects":true,"showParticleSystems":true},"in2DMode":false,"pivot":{"x":-1.1698663234710694,"y":-1.5572736263275147,"z":138.6931610107422},"rotation":{"x":0.3316597640514374,"y":-0.09599851071834564,"z":0.033947162330150607,"w":0.9378926753997803},"size":6.152349948883057,"orthographic":false}