{"cameraMode":{"drawMode":0,"name":"Shaded","section":"Shading Mode"},"sceneLighting":true,"audioPlay":false,"sceneViewState":{"showFog":true,"showMaterialUpdate":false,"showSkybox":false,"showFlares":true,"showImageEffects":true,"showParticleSystems":true},"in2DMode":false,"pivot":{"x":-1.8375244140625,"y":-0.6435546875,"z":29.2412109375},"rotation":{"x":0.2839963734149933,"y":0.07612522691488266,"z":-0.022625360637903215,"w":0.9555314183235169},"size":6.2146735191345219,"orthographic":true}