{"cameraMode":{"drawMode":0,"name":"Shaded","section":"Shading Mode"},"sceneLighting":true,"audioPlay":false,"sceneViewState":{"showFog":true,"showMaterialUpdate":false,"showSkybox":false,"showFlares":true,"showImageEffects":true,"showParticleSystems":true},"in2DMode":false,"pivot":{"x":1.3164695501327515,"y":1.3637727499008179,"z":13.490357398986817},"rotation":{"x":0.014609936624765396,"y":-0.10420216619968414,"z":-0.001531047746539116,"w":-0.9944501519203186},"size":7.560349464416504,"orthographic":false}