{"cameraMode":{"drawMode":0,"name":"Shaded","section":"Shading Mode"},"sceneLighting":true,"audioPlay":false,"sceneViewState":{"showFog":true,"showMaterialUpdate":false,"showSkybox":false,"showFlares":true,"showImageEffects":true,"showParticleSystems":true},"in2DMode":false,"pivot":{"x":1.2647604942321778,"y":3.1338393688201906,"z":26.673809051513673},"rotation":{"x":-0.09163324534893036,"y":-0.03226118162274361,"z":0.0029693462420254947,"w":-0.9952734112739563},"size":6.201940059661865,"orthographic":false}