{"cameraMode":{"drawMode":0,"name":"Shaded","section":"Shading Mode"},"sceneLighting":false,"audioPlay":false,"sceneViewState":{"showFog":true,"showMaterialUpdate":false,"showSkybox":false,"showFlares":true,"showImageEffects":true,"showParticleSystems":true},"in2DMode":false,"pivot":{"x":-2.1287827491760256,"y":-0.5007825493812561,"z":95.54706573486328},"rotation":{"x":-0.06707695871591568,"y":0.8679818511009216,"z":-0.12215080112218857,"w":-0.47666293382644656},"size":3.147650718688965,"orthographic":false}