{"cameraMode":{"drawMode":0,"name":"Shaded","section":"Shading Mode"},"sceneLighting":false,"audioPlay":false,"sceneViewState":{"showFog":true,"showMaterialUpdate":false,"showSkybox":false,"showFlares":true,"showImageEffects":true,"showParticleSystems":true},"in2DMode":false,"pivot":{"x":-16.22327423095703,"y":-4.826802730560303,"z":72.82424926757813},"rotation":{"x":-0.10940749198198319,"y":0.31962060928344729,"z":-0.03718286380171776,"w":-0.9404963254928589},"size":15.708195686340332,"orthographic":false}