{"cameraMode":{"drawMode":0,"name":"Shaded","section":"Shading Mode"},"sceneLighting":false,"audioPlay":false,"sceneViewState":{"showFog":true,"showMaterialUpdate":false,"showSkybox":false,"showFlares":true,"showImageEffects":true,"showParticleSystems":true},"in2DMode":false,"pivot":{"x":2.0709128379821779,"y":0.6811184883117676,"z":76.0546875},"rotation":{"x":-0.19969992339611054,"y":-0.04936450719833374,"z":0.010073884390294552,"w":-0.9785668849945068},"size":5.852349758148193,"orthographic":false}