{"cameraMode":{"drawMode":0,"name":"Shaded","section":"Shading Mode"},"sceneLighting":true,"audioPlay":false,"sceneViewState":{"showFog":true,"showMaterialUpdate":false,"showSkybox":true,"showFlares":true,"showImageEffects":true,"showParticleSystems":true},"in2DMode":false,"pivot":{"x":0.8606489896774292,"y":0.8584771752357483,"z":-1.942521572113037},"rotation":{"x":-0.042297154664993289,"y":-0.002400994533672929,"z":0.0001010397681966424,"w":-0.9991076588630676},"size":3.4523487091064455,"orthographic":false}