{"cameraMode":{"drawMode":0,"name":"Shaded","section":"Shading Mode"},"sceneLighting":true,"audioPlay":false,"sceneViewState":{"showFog":true,"showMaterialUpdate":false,"showSkybox":false,"showFlares":true,"showImageEffects":true,"showParticleSystems":true},"in2DMode":false,"pivot":{"x":1.7670800685882569,"y":-1.5425400733947755,"z":11.710363388061524},"rotation":{"x":-0.15556003153324128,"y":-0.03792581707239151,"z":0.0059761363081634048,"w":-0.9870867729187012},"size":12.306684494018555,"orthographic":false}