{"cameraMode":{"drawMode":0,"name":"Shaded","section":"Shading Mode"},"sceneLighting":false,"audioPlay":false,"sceneViewState":{"showFog":true,"showMaterialUpdate":false,"showSkybox":false,"showFlares":true,"showImageEffects":true,"showParticleSystems":true},"in2DMode":false,"pivot":{"x":-0.444915771484375,"y":0.7368316650390625,"z":22.526168823242189},"rotation":{"x":0.5613548755645752,"y":-0.0705513060092926,"z":0.048115476965904239,"w":0.8231761455535889},"size":7.122236251831055,"orthographic":true}