{"cameraMode":{"drawMode":0,"name":"Shaded","section":"Shading Mode"},"sceneLighting":false,"audioPlay":false,"sceneViewState":{"showFog":true,"showMaterialUpdate":false,"showSkybox":false,"showFlares":true,"showImageEffects":true,"showParticleSystems":true},"in2DMode":false,"pivot":{"x":0.0,"y":2.0712931156158449,"z":187.41403198242188},"rotation":{"x":0.18255892395973206,"y":0.7827954888343811,"z":-0.26943954825401308,"w":0.5303837656974793},"size":17.47760581970215,"orthographic":true}