{"cameraMode":{"drawMode":0,"name":"Shaded","section":"Shading Mode"},"sceneLighting":false,"audioPlay":false,"sceneViewState":{"showFog":true,"showMaterialUpdate":false,"showSkybox":false,"showFlares":true,"showImageEffects":true,"showParticleSystems":true},"in2DMode":false,"pivot":{"x":6.313678741455078,"y":1.4574899673461915,"z":14.975919723510743},"rotation":{"x":-0.13154587149620057,"y":0.0335787869989872,"z":-0.004469350446015596,"w":-0.9907687306404114},"size":9.321698188781739,"orthographic":true}