{"cameraMode":{"drawMode":0,"name":"Shaded","section":"Shading Mode"},"sceneLighting":true,"audioPlay":false,"sceneViewState":{"showFog":true,"showMaterialUpdate":false,"showSkybox":true,"showFlares":true,"showImageEffects":true,"showParticleSystems":true},"in2DMode":false,"pivot":{"x":-59.341522216796878,"y":-54.747886657714847,"z":110.65725708007813},"rotation":{"x":-0.03968745097517967,"y":0.9599645733833313,"z":-0.18244071304798127,"w":-0.20882701873779298},"size":77.2608642578125,"orthographic":false}