{"cameraMode":{"drawMode":0,"name":"Shaded","section":"Shading Mode"},"sceneLighting":true,"audioPlay":false,"sceneViewState":{"showFog":true,"showMaterialUpdate":false,"showSkybox":false,"showFlares":true,"showImageEffects":true,"showParticleSystems":true},"in2DMode":false,"pivot":{"x":-13.048521041870118,"y":2.020890235900879,"z":6.605181694030762},"rotation":{"x":-0.03300180658698082,"y":0.9651460647583008,"z":-0.15061907470226289,"w":-0.21147073805332185},"size":7.106452465057373,"orthographic":false}