{"cameraMode":{"drawMode":0,"name":"Shaded","section":"Shading Mode"},"sceneLighting":true,"audioPlay":false,"sceneViewState":{"showFog":true,"showMaterialUpdate":false,"showSkybox":false,"showFlares":true,"showImageEffects":true,"showParticleSystems":true},"in2DMode":false,"pivot":{"x":2.7217798233032228,"y":0.9458441734313965,"z":14.822221755981446},"rotation":{"x":-0.03300180658698082,"y":0.9651460647583008,"z":-0.15061907470226289,"w":-0.21147073805332185},"size":7.5187273025512699,"orthographic":false}