{"cameraMode":{"drawMode":0,"name":"Shaded","section":"Shading Mode"},"sceneLighting":true,"audioPlay":false,"sceneViewState":{"showFog":true,"showMaterialUpdate":false,"showSkybox":false,"showFlares":true,"showImageEffects":true,"showParticleSystems":true},"in2DMode":false,"pivot":{"x":-6.1204681396484379,"y":0.7368316650390625,"z":46.09857177734375},"rotation":{"x":-0.21694011986255647,"y":0.7830577492713928,"z":-0.4109681248664856,"w":-0.4133574068546295},"size":5.5966572761535648,"orthographic":false}