{"cameraMode":{"drawMode":0,"name":"Shaded","section":"Shading Mode"},"sceneLighting":false,"audioPlay":false,"sceneViewState":{"showFog":true,"showMaterialUpdate":false,"showSkybox":false,"showFlares":true,"showImageEffects":true,"showParticleSystems":true},"in2DMode":false,"pivot":{"x":-9.502220153808594,"y":1.611219882965088,"z":5.587900161743164},"rotation":{"x":-0.03968745097517967,"y":0.9599645733833313,"z":-0.18244071304798127,"w":-0.20882701873779298},"size":8.488044738769532,"orthographic":false}