{"cameraMode":{"drawMode":0,"name":"Shaded","section":"Shading Mode"},"sceneLighting":true,"audioPlay":false,"sceneViewState":{"showFog":true,"showMaterialUpdate":false,"showSkybox":false,"showFlares":true,"showImageEffects":true,"showParticleSystems":true},"in2DMode":false,"pivot":{"x":-0.444915771484375,"y":0.7368316650390625,"z":22.526168823242189},"rotation":{"x":-0.03300180658698082,"y":0.9651460647583008,"z":-0.15061907470226289,"w":-0.21147073805332185},"size":20.329994201660158,"orthographic":false}