{"cameraMode":{"drawMode":0,"name":"Shaded","section":"Shading Mode"},"sceneLighting":false,"audioPlay":false,"sceneViewState":{"showFog":true,"showMaterialUpdate":false,"showSkybox":false,"showFlares":true,"showImageEffects":true,"showParticleSystems":true},"in2DMode":false,"pivot":{"x":-0.3253626823425293,"y":3.1694276332855226,"z":165.0030517578125},"rotation":{"x":0.0377708338201046,"y":0.9579369425773621,"z":-0.24205201864242555,"w":0.14948096871376038},"size":18.619638442993165,"orthographic":true}