{"cameraMode":{"drawMode":0,"name":"Shaded","section":"Shading Mode"},"sceneLighting":true,"audioPlay":false,"sceneViewState":{"showFog":true,"showMaterialUpdate":false,"showSkybox":false,"showFlares":true,"showImageEffects":true,"showParticleSystems":true},"in2DMode":false,"pivot":{"x":-12.793052673339844,"y":0.43611693382263186,"z":5.414693832397461},"rotation":{"x":-0.12592247128486634,"y":0.6708438992500305,"z":-0.11709514260292053,"w":-0.7214041948318481},"size":6.379214286804199,"orthographic":false}