{"cameraMode":{"drawMode":0,"name":"Shaded","section":"Shading Mode"},"sceneLighting":false,"audioPlay":false,"sceneViewState":{"showFog":true,"showMaterialUpdate":false,"showSkybox":false,"showFlares":true,"showImageEffects":true,"showParticleSystems":true},"in2DMode":false,"pivot":{"x":4.32269287109375,"y":8.883811950683594,"z":183.38671875},"rotation":{"x":-0.0442245677113533,"y":0.8866181969642639,"z":-0.08672130107879639,"w":-0.45216014981269839},"size":11.221796989440918,"orthographic":true}