{"cameraMode":{"drawMode":0,"name":"Shaded","section":"Shading Mode"},"sceneLighting":false,"audioPlay":false,"sceneViewState":{"showFog":true,"showMaterialUpdate":false,"showSkybox":false,"showFlares":true,"showImageEffects":true,"showParticleSystems":true},"in2DMode":false,"pivot":{"x":-0.6526155471801758,"y":2.8742263317108156,"z":172.759033203125},"rotation":{"x":0.05448441579937935,"y":-0.5332147479057312,"z":0.03443862125277519,"w":0.8435329794883728},"size":18.299955368041993,"orthographic":true}