{"cameraMode":{"drawMode":0,"name":"Shaded","section":"Shading Mode"},"sceneLighting":false,"audioPlay":false,"sceneViewState":{"showFog":true,"showMaterialUpdate":false,"showSkybox":false,"showFlares":true,"showImageEffects":true,"showParticleSystems":true},"in2DMode":false,"pivot":{"x":27.189544677734376,"y":-95.09777069091797,"z":-150.8930206298828},"rotation":{"x":-0.012396005913615227,"y":-0.9765881896018982,"z":0.20693707466125489,"w":-0.05837468057870865},"size":125.69905853271485,"orthographic":false}