{"cameraMode":{"drawMode":0,"name":"Shaded","section":"Shading Mode"},"sceneLighting":false,"audioPlay":false,"sceneViewState":{"showFog":true,"showMaterialUpdate":false,"showSkybox":false,"showFlares":true,"showImageEffects":true,"showParticleSystems":true},"in2DMode":false,"pivot":{"x":6.315178394317627,"y":1.9141781330108643,"z":25.20159339904785},"rotation":{"x":0.5613548755645752,"y":-0.0705513060092926,"z":0.048115476965904239,"w":0.8231761455535889},"size":8.990241050720215,"orthographic":true}