{"cameraMode":{"drawMode":0,"name":"Shaded","section":"Shading Mode"},"sceneLighting":false,"audioPlay":false,"sceneViewState":{"showFog":true,"showMaterialUpdate":false,"showSkybox":false,"showFlares":true,"showImageEffects":true,"showParticleSystems":true},"in2DMode":false,"pivot":{"x":-31.896385192871095,"y":-5.334633827209473,"z":167.25828552246095},"rotation":{"x":-0.1376005858182907,"y":0.6812586188316345,"z":-0.13264943659305573,"w":-0.7066609263420105},"size":21.022117614746095,"orthographic":false}