{"cameraMode":{"drawMode":0,"name":"Shaded","section":"Shading Mode"},"sceneLighting":false,"audioPlay":false,"sceneViewState":{"showFog":true,"showMaterialUpdate":false,"showSkybox":false,"showFlares":true,"showImageEffects":true,"showParticleSystems":true},"in2DMode":false,"pivot":{"x":0.0,"y":1.5563149452209473,"z":55.038002014160159},"rotation":{"x":-0.16124342381954194,"y":0.13512542843818665,"z":-0.02230300009250641,"w":-0.977404773235321},"size":6.2037272453308109,"orthographic":true}