{"cameraMode":{"drawMode":0,"name":"Shaded","section":"Shading Mode"},"sceneLighting":false,"audioPlay":false,"sceneViewState":{"showFog":true,"showMaterialUpdate":false,"showSkybox":false,"showFlares":true,"showImageEffects":true,"showParticleSystems":true},"in2DMode":false,"pivot":{"x":-5.986371994018555,"y":0.7218313217163086,"z":78.36604309082031},"rotation":{"x":0.5613548755645752,"y":-0.0705513060092926,"z":0.048115476965904239,"w":0.8231761455535889},"size":7.127432823181152,"orthographic":true}