{"cameraMode":{"drawMode":0,"name":"Shaded","section":"Shading Mode"},"sceneLighting":false,"audioPlay":false,"sceneViewState":{"showFog":true,"showMaterialUpdate":false,"showSkybox":false,"showFlares":true,"showImageEffects":true,"showParticleSystems":true},"in2DMode":false,"pivot":{"x":2.118000030517578,"y":1.010000228881836,"z":55.040000915527347},"rotation":{"x":-0.029994312673807145,"y":0.011374873109161854,"z":-0.00035118209780193865,"w":-0.9995215535163879},"size":2.766979455947876,"orthographic":true}