{"cameraMode":{"drawMode":0,"name":"Shaded","section":"Shading Mode"},"sceneLighting":false,"audioPlay":false,"sceneViewState":{"showFog":true,"showMaterialUpdate":false,"showSkybox":false,"showFlares":true,"showImageEffects":true,"showParticleSystems":true},"in2DMode":false,"pivot":{"x":-5.6728515625,"y":3.303466796875,"z":183.3316650390625},"rotation":{"x":0.05448441579937935,"y":-0.5332147479057312,"z":0.03443862125277519,"w":0.8435329794883728},"size":3.732318878173828,"orthographic":true}