{"cameraMode":{"drawMode":0,"name":"Shaded","section":"Shading Mode"},"sceneLighting":false,"audioPlay":false,"sceneViewState":{"showFog":true,"showMaterialUpdate":false,"showSkybox":false,"showFlares":true,"showImageEffects":true,"showParticleSystems":true},"in2DMode":false,"pivot":{"x":-17.977632522583009,"y":0.5191473960876465,"z":75.56798553466797},"rotation":{"x":-0.07395534217357636,"y":0.3250271677970886,"z":-0.02550472691655159,"w":-0.9424649477005005},"size":12.080750465393067,"orthographic":false}