{"cameraMode":{"drawMode":0,"name":"Shaded","section":"Shading Mode"},"sceneLighting":false,"audioPlay":false,"sceneViewState":{"showFog":true,"showMaterialUpdate":false,"showSkybox":false,"showFlares":true,"showImageEffects":true,"showParticleSystems":true},"in2DMode":false,"pivot":{"x":12.521484375,"y":12.107421875,"z":162.83056640625},"rotation":{"x":0.0036053743679076435,"y":0.9796722531318665,"z":-0.017635146155953409,"w":0.19991064071655274},"size":14.342706680297852,"orthographic":true}