{"cameraMode":{"drawMode":0,"name":"Shaded","section":"Shading Mode"},"sceneLighting":false,"audioPlay":false,"sceneViewState":{"showFog":true,"showMaterialUpdate":false,"showSkybox":false,"showFlares":true,"showImageEffects":true,"showParticleSystems":true},"in2DMode":false,"pivot":{"x":6.02215576171875,"y":13.185546875,"z":175.23828125},"rotation":{"x":0.16127270460128785,"y":-0.016282549127936364,"z":0.0026619788259267809,"w":0.9867839217185974},"size":13.616501808166504,"orthographic":true}