{"cameraMode":{"drawMode":0,"name":"Shaded","section":"Shading Mode"},"sceneLighting":false,"audioPlay":false,"sceneViewState":{"showFog":true,"showMaterialUpdate":false,"showSkybox":false,"showFlares":true,"showImageEffects":true,"showParticleSystems":true},"in2DMode":false,"pivot":{"x":-0.048439979553222659,"y":0.8005099296569824,"z":125.12306213378906},"rotation":{"x":0.1013806164264679,"y":-0.5986983180046082,"z":0.07675055414438248,"w":0.7908270955085754},"size":14.88050651550293,"orthographic":true}