{"cameraMode":{"drawMode":0,"name":"Shaded","section":"Shading Mode"},"sceneLighting":false,"audioPlay":false,"sceneViewState":{"showFog":true,"showMaterialUpdate":false,"showSkybox":false,"showFlares":true,"showImageEffects":true,"showParticleSystems":true},"in2DMode":false,"pivot":{"x":0.0,"y":1.5595579147338868,"z":78.36604309082031},"rotation":{"x":-0.0028960518538951875,"y":0.9883834719657898,"z":-0.15089674293994904,"w":-0.018983785063028337},"size":13.76834487915039,"orthographic":true}