{"cameraMode":{"drawMode":0,"name":"Shaded","section":"Shading Mode"},"sceneLighting":false,"audioPlay":false,"sceneViewState":{"showFog":true,"showMaterialUpdate":false,"showSkybox":false,"showFlares":true,"showImageEffects":true,"showParticleSystems":true},"in2DMode":false,"pivot":{"x":19.096778869628908,"y":4.045090675354004,"z":104.08612060546875},"rotation":{"x":0.011145017109811306,"y":0.9745259284973145,"z":-0.04974488168954849,"w":0.21843509376049043},"size":15.63354778289795,"orthographic":false}