{"cameraMode":{"drawMode":0,"name":"Shaded","section":"Shading Mode"},"sceneLighting":false,"audioPlay":false,"sceneViewState":{"showFog":true,"showMaterialUpdate":false,"showSkybox":false,"showFlares":true,"showImageEffects":true,"showParticleSystems":true},"in2DMode":false,"pivot":{"x":-0.014598369598388672,"y":0.43934202194213869,"z":194.87319946289063},"rotation":{"x":-0.03968745097517967,"y":0.9599645733833313,"z":-0.18244071304798127,"w":-0.20882701873779298},"size":5.436516284942627,"orthographic":false}