{"cameraMode":{"drawMode":0,"name":"Shaded","section":"Shading Mode"},"sceneLighting":false,"audioPlay":false,"sceneViewState":{"showFog":true,"showMaterialUpdate":false,"showSkybox":false,"showFlares":true,"showImageEffects":true,"showParticleSystems":true},"in2DMode":false,"pivot":{"x":-1.322439432144165,"y":0.8005099296569824,"z":114.58305358886719},"rotation":{"x":-0.01367193553596735,"y":0.962120532989502,"z":-0.26782897114753725,"w":-0.04911032319068909},"size":12.91166877746582,"orthographic":false}