{"cameraMode":{"drawMode":0,"name":"Shaded","section":"Shading Mode"},"sceneLighting":false,"audioPlay":false,"sceneViewState":{"showFog":true,"showMaterialUpdate":false,"showSkybox":false,"showFlares":true,"showImageEffects":true,"showParticleSystems":true},"in2DMode":false,"pivot":{"x":-6.602608680725098,"y":0.7368311882019043,"z":22.32457733154297},"rotation":{"x":-0.03300180658698082,"y":0.9651460647583008,"z":-0.15061907470226289,"w":-0.21147073805332185},"size":12.689197540283204,"orthographic":false}