{"cameraMode":{"drawMode":0,"name":"Shaded","section":"Shading Mode"},"sceneLighting":false,"audioPlay":false,"sceneViewState":{"showFog":true,"showMaterialUpdate":false,"showSkybox":false,"showFlares":true,"showImageEffects":true,"showParticleSystems":true},"in2DMode":false,"pivot":{"x":-0.26581907272338869,"y":0.8734159469604492,"z":45.489418029785159},"rotation":{"x":0.0194888673722744,"y":-0.03298765420913696,"z":0.0006453521200455725,"w":0.9992799162864685},"size":11.156930923461914,"orthographic":true}