{"cameraMode":{"drawMode":0,"name":"Shaded","section":"Shading Mode"},"sceneLighting":false,"audioPlay":false,"sceneViewState":{"showFog":true,"showMaterialUpdate":false,"showSkybox":false,"showFlares":true,"showImageEffects":true,"showParticleSystems":true},"in2DMode":false,"pivot":{"x":1.6041135787963868,"y":3.672805070877075,"z":154.59805297851563},"rotation":{"x":0.0194888673722744,"y":-0.03298765420913696,"z":0.0006453521200455725,"w":0.9992799162864685},"size":19.349655151367189,"orthographic":true}