{"cameraMode":{"drawMode":0,"name":"Shaded","section":"Shading Mode"},"sceneLighting":false,"audioPlay":false,"sceneViewState":{"showFog":true,"showMaterialUpdate":false,"showSkybox":false,"showFlares":true,"showImageEffects":true,"showParticleSystems":true},"in2DMode":false,"pivot":{"x":-53.49137878417969,"y":-12.020502090454102,"z":24.932056427001954},"rotation":{"x":-0.0682130753993988,"y":0.8735825419425964,"z":-0.12828682363033296,"w":-0.4644995331764221},"size":35.30290985107422,"orthographic":false}