{"cameraMode":{"drawMode":0,"name":"Shaded","section":"Shading Mode"},"sceneLighting":false,"audioPlay":false,"sceneViewState":{"showFog":true,"showMaterialUpdate":false,"showSkybox":false,"showFlares":true,"showImageEffects":true,"showParticleSystems":true},"in2DMode":false,"pivot":{"x":-50.011199951171878,"y":-5.189028739929199,"z":73.40650939941406},"rotation":{"x":-0.09011367708444596,"y":0.6450526714324951,"z":-0.07700084894895554,"w":-0.7548942565917969},"size":29.74220848083496,"orthographic":false}