{"cameraMode":{"drawMode":0,"name":"Shaded","section":"Shading Mode"},"sceneLighting":false,"audioPlay":false,"sceneViewState":{"showFog":true,"showMaterialUpdate":false,"showSkybox":false,"showFlares":true,"showImageEffects":true,"showParticleSystems":true},"in2DMode":false,"pivot":{"x":-11.376953125,"y":11.11181640625,"z":126.86572265625},"rotation":{"x":-0.1020732894539833,"y":0.8270050287246704,"z":-0.15948891639709474,"w":-0.5294073224067688},"size":13.811368942260743,"orthographic":true}