{"cameraMode":{"drawMode":0,"name":"Shaded","section":"Shading Mode"},"sceneLighting":false,"audioPlay":false,"sceneViewState":{"showFog":true,"showMaterialUpdate":false,"showSkybox":false,"showFlares":true,"showImageEffects":true,"showParticleSystems":true},"in2DMode":false,"pivot":{"x":7.739673614501953,"y":3.227727174758911,"z":45.03874969482422},"rotation":{"x":0.10694587230682373,"y":0.6016624569892883,"z":-0.08171861618757248,"w":0.7873532176017761},"size":8.454808235168457,"orthographic":true}