{"cameraMode":{"drawMode":0,"name":"Shaded","section":"Shading Mode"},"sceneLighting":false,"audioPlay":false,"sceneViewState":{"showFog":true,"showMaterialUpdate":false,"showSkybox":false,"showFlares":true,"showImageEffects":true,"showParticleSystems":true},"in2DMode":false,"pivot":{"x":-2.8134765625,"y":11.48828125,"z":41.357421875},"rotation":{"x":0.0194888673722744,"y":-0.03298765420913696,"z":0.0006453521200455725,"w":0.9992799162864685},"size":14.457282066345215,"orthographic":true}