{"cameraMode":{"drawMode":0,"name":"Shaded","section":"Shading Mode"},"sceneLighting":false,"audioPlay":false,"sceneViewState":{"showFog":true,"showMaterialUpdate":false,"showSkybox":false,"showFlares":true,"showImageEffects":true,"showParticleSystems":true},"in2DMode":false,"pivot":{"x":0.0,"y":3.010891914367676,"z":14.975919723510743},"rotation":{"x":-0.13154587149620057,"y":0.0335787869989872,"z":-0.004469350446015596,"w":-0.9907687306404114},"size":8.231062889099121,"orthographic":true}