{"cameraMode":{"drawMode":0,"name":"Shaded","section":"Shading Mode"},"sceneLighting":true,"audioPlay":false,"sceneViewState":{"showFog":true,"showMaterialUpdate":false,"showSkybox":false,"showFlares":true,"showImageEffects":true,"showParticleSystems":true},"in2DMode":false,"pivot":{"x":6.423026084899902,"y":-1.1690664291381837,"z":-0.41737985610961916},"rotation":{"x":-0.21694011986255647,"y":0.7830577492713928,"z":-0.4109681248664856,"w":-0.4133574068546295},"size":7.46328067779541,"orthographic":false}