{"cameraMode":{"drawMode":0,"name":"Shaded","section":"Shading Mode"},"sceneLighting":false,"audioPlay":false,"sceneViewState":{"showFog":true,"showMaterialUpdate":false,"showSkybox":false,"showFlares":true,"showImageEffects":true,"showParticleSystems":true},"in2DMode":false,"pivot":{"x":-1.7989997863769532,"y":1.010000228881836,"z":147.27999877929688},"rotation":{"x":-0.14549103379249574,"y":-0.11461526900529862,"z":0.016956878826022149,"w":-0.9825857281684876},"size":3.0624289512634279,"orthographic":true}