{"cameraMode":{"drawMode":0,"name":"Shaded","section":"Shading Mode"},"sceneLighting":false,"audioPlay":false,"sceneViewState":{"showFog":true,"showMaterialUpdate":false,"showSkybox":false,"showFlares":true,"showImageEffects":true,"showParticleSystems":true},"in2DMode":false,"pivot":{"x":1.6041135787963868,"y":3.672805070877075,"z":154.59805297851563},"rotation":{"x":0.03650140389800072,"y":-0.9581784605979919,"z":0.24548950791358949,"w":0.1424693614244461},"size":10.155945777893067,"orthographic":false}