{"cameraMode":{"drawMode":0,"name":"Shaded","section":"Shading Mode"},"sceneLighting":true,"audioPlay":false,"sceneViewState":{"showFog":true,"showMaterialUpdate":false,"showSkybox":false,"showFlares":true,"showImageEffects":true,"showParticleSystems":true},"in2DMode":false,"pivot":{"x":-6.287357330322266,"y":2.0603015422821047,"z":5.0},"rotation":{"x":-0.06740133464336395,"y":0.10218221694231034,"z":-0.006939413957297802,"w":-0.992456316947937},"size":8.845388412475586,"orthographic":false}