{"cameraMode":{"drawMode":0,"name":"Shaded","section":"Shading Mode"},"sceneLighting":false,"audioPlay":false,"sceneViewState":{"showFog":true,"showMaterialUpdate":false,"showSkybox":false,"showFlares":true,"showImageEffects":true,"showParticleSystems":true},"in2DMode":false,"pivot":{"x":-4.386797904968262,"y":3.037130355834961,"z":113.64152526855469},"rotation":{"x":-0.010356093756854535,"y":0.9787710905075073,"z":-0.19821283221244813,"w":-0.05113738030195236},"size":13.659523010253907,"orthographic":false}