{"cameraMode":{"drawMode":0,"name":"Shaded","section":"Shading Mode"},"sceneLighting":true,"audioPlay":false,"sceneViewState":{"showFog":true,"showMaterialUpdate":false,"showSkybox":true,"showFlares":true,"showImageEffects":true,"showParticleSystems":true},"in2DMode":false,"pivot":{"x":1008.9967041015625,"y":-248.40484619140626,"z":1932.017333984375},"rotation":{"x":-0.1791805773973465,"y":-0.040719952434301379,"z":0.007422678172588348,"w":-0.9829465746879578},"size":992.6521606445313,"orthographic":false}