{"cameraMode":{"drawMode":0,"name":"Shaded","section":"Shading Mode"},"sceneLighting":false,"audioPlay":false,"sceneViewState":{"showFog":true,"showMaterialUpdate":false,"showSkybox":false,"showFlares":true,"showImageEffects":true,"showParticleSystems":true},"in2DMode":false,"pivot":{"x":-2.3371474742889406,"y":3.599246025085449,"z":41.33652877807617},"rotation":{"x":-0.24416093528270722,"y":0.13963977992534638,"z":-0.035553429275751117,"w":-0.9589735269546509},"size":6.9594197273254398,"orthographic":false}