{"cameraMode":{"drawMode":0,"name":"Shaded","section":"Shading Mode"},"sceneLighting":true,"audioPlay":false,"sceneViewState":{"showFog":true,"showMaterialUpdate":false,"showSkybox":true,"showFlares":true,"showImageEffects":true,"showParticleSystems":true},"in2DMode":false,"pivot":{"x":517.4293212890625,"y":350.15484619140627,"z":203.06463623046876},"rotation":{"x":-0.0812147706747055,"y":-0.011364707723259926,"z":0.0009262444218620658,"w":-0.9966322183609009},"size":558.1819458007813,"orthographic":false}