{"cameraMode":{"drawMode":0,"name":"Shaded","section":"Shading Mode"},"sceneLighting":true,"audioPlay":false,"sceneViewState":{"showFog":true,"showMaterialUpdate":false,"showSkybox":false,"showFlares":true,"showImageEffects":true,"showParticleSystems":true},"in2DMode":false,"pivot":{"x":-2.510000228881836,"y":2.109999656677246,"z":15.279998779296875},"rotation":{"x":-0.0812147706747055,"y":-0.011364707723259926,"z":0.0009262444218620658,"w":-0.9966322183609009},"size":12.12435531616211,"orthographic":false}