{"cameraMode":{"drawMode":0,"name":"Shaded","section":"Shading Mode"},"sceneLighting":false,"audioPlay":false,"sceneViewState":{"showFog":true,"showMaterialUpdate":false,"showSkybox":false,"showFlares":true,"showImageEffects":true,"showParticleSystems":true},"in2DMode":false,"pivot":{"x":-3.574739456176758,"y":3.260387420654297,"z":40.084129333496097},"rotation":{"x":-0.18809100985527039,"y":0.29169338941574099,"z":-0.05861600860953331,"w":-0.9360064268112183},"size":7.735290050506592,"orthographic":false}