{"cameraMode":{"drawMode":0,"name":"Shaded","section":"Shading Mode"},"sceneLighting":true,"audioPlay":false,"sceneViewState":{"showFog":true,"showMaterialUpdate":false,"showSkybox":true,"showFlares":true,"showImageEffects":true,"showParticleSystems":true},"in2DMode":false,"pivot":{"x":2.2620010375976564,"y":2.647655487060547,"z":5.227197170257568},"rotation":{"x":-0.170350581407547,"y":0.4315725266933441,"z":-0.08336226642131806,"w":-0.881916880607605},"size":5.952051162719727,"orthographic":false}