{"cameraMode":{"drawMode":0,"name":"Shaded","section":"Shading Mode"},"sceneLighting":false,"audioPlay":false,"sceneViewState":{"showFog":true,"showMaterialUpdate":false,"showSkybox":false,"showFlares":true,"showImageEffects":true,"showParticleSystems":true},"in2DMode":false,"pivot":{"x":12.41271686553955,"y":-5.648333549499512,"z":74.79459381103516},"rotation":{"x":-0.11162715405225754,"y":-0.8734315633773804,"z":0.237793430685997,"w":-0.41001468896865847},"size":17.332645416259767,"orthographic":false}