{"cameraMode":{"drawMode":0,"name":"Shaded","section":"Shading Mode"},"sceneLighting":false,"audioPlay":false,"sceneViewState":{"showFog":true,"showMaterialUpdate":false,"showSkybox":false,"showFlares":true,"showImageEffects":true,"showParticleSystems":true},"in2DMode":false,"pivot":{"x":-0.045651279389858249,"y":1.2959232330322266,"z":175.71432495117188},"rotation":{"x":-0.199951171875,"y":-0.0038238491397351028,"z":0.0007803842308931053,"w":-0.9797983169555664},"size":13.125151634216309,"orthographic":false}