{"cameraMode":{"drawMode":0,"name":"Shaded","section":"Shading Mode"},"sceneLighting":false,"audioPlay":false,"sceneViewState":{"showFog":true,"showMaterialUpdate":false,"showSkybox":false,"showFlares":true,"showImageEffects":true,"showParticleSystems":true},"in2DMode":false,"pivot":{"x":-0.5593843460083008,"y":2.8742263317108156,"z":172.759033203125},"rotation":{"x":-0.010356093756854535,"y":0.9787710905075073,"z":-0.19821283221244813,"w":-0.05113738030195236},"size":16.78536605834961,"orthographic":false}