{"cameraMode":{"drawMode":0,"name":"Shaded","section":"Shading Mode"},"sceneLighting":true,"audioPlay":false,"sceneViewState":{"showFog":true,"showMaterialUpdate":false,"showSkybox":true,"showFlares":true,"showImageEffects":true,"showParticleSystems":true},"in2DMode":false,"pivot":{"x":-0.11305791139602661,"y":2.3755619525909426,"z":19.085956573486329},"rotation":{"x":-0.06740133464336395,"y":0.10218221694231034,"z":-0.006939413957297802,"w":-0.992456316947937},"size":2.7479493618011476,"orthographic":false}