{"cameraMode":{"drawMode":0,"name":"Shaded","section":"Shading Mode"},"sceneLighting":false,"audioPlay":false,"sceneViewState":{"showFog":true,"showMaterialUpdate":false,"showSkybox":false,"showFlares":true,"showImageEffects":true,"showParticleSystems":true},"in2DMode":false,"pivot":{"x":7.239008903503418,"y":0.9798678755760193,"z":55.24169158935547},"rotation":{"x":-0.24416093528270722,"y":0.13963977992534638,"z":-0.035553429275751117,"w":-0.9589735269546509},"size":8.334174156188965,"orthographic":false}