{"cameraMode":{"drawMode":0,"name":"Shaded","section":"Shading Mode"},"sceneLighting":false,"audioPlay":false,"sceneViewState":{"showFog":true,"showMaterialUpdate":false,"showSkybox":false,"showFlares":true,"showImageEffects":true,"showParticleSystems":true},"in2DMode":false,"pivot":{"x":-0.6526155471801758,"y":2.8742263317108156,"z":172.759033203125},"rotation":{"x":-0.199951171875,"y":-0.0038238491397351028,"z":0.0007803842308931053,"w":-0.9797983169555664},"size":11.547388076782227,"orthographic":false}