{"cameraMode":{"drawMode":0,"name":"Shaded","section":"Shading Mode"},"sceneLighting":false,"audioPlay":false,"sceneViewState":{"showFog":true,"showMaterialUpdate":false,"showSkybox":false,"showFlares":true,"showImageEffects":true,"showParticleSystems":true},"in2DMode":false,"pivot":{"x":-0.2551755905151367,"y":0.8734159469604492,"z":147.37417602539063},"rotation":{"x":0.03650140389800072,"y":-0.9581784605979919,"z":0.24548950791358949,"w":0.1424693614244461},"size":17.471115112304689,"orthographic":false}