{"cameraMode":{"drawMode":0,"name":"Shaded","section":"Shading Mode"},"sceneLighting":false,"audioPlay":false,"sceneViewState":{"showFog":true,"showMaterialUpdate":false,"showSkybox":false,"showFlares":true,"showImageEffects":true,"showParticleSystems":true},"in2DMode":false,"pivot":{"x":-6.329635143280029,"y":2.884371757507324,"z":5.494530200958252},"rotation":{"x":-0.006634272634983063,"y":0.701542854309082,"z":-0.0065306248143315319,"w":-0.7125753164291382},"size":6.2028937339782719,"orthographic":false}