{"cameraMode":{"drawMode":0,"name":"Shaded","section":"Shading Mode"},"sceneLighting":false,"audioPlay":false,"sceneViewState":{"showFog":true,"showMaterialUpdate":false,"showSkybox":false,"showFlares":true,"showImageEffects":true,"showParticleSystems":true},"in2DMode":false,"pivot":{"x":3.724611282348633,"y":8.33154582977295,"z":175.4136962890625},"rotation":{"x":-0.002877729246392846,"y":0.9963881373405457,"z":-0.03769106790423393,"w":-0.07607124000787735},"size":15.894309997558594,"orthographic":false}