{"cameraMode":{"drawMode":0,"name":"Shaded","section":"Shading Mode"},"sceneLighting":false,"audioPlay":false,"sceneViewState":{"showFog":true,"showMaterialUpdate":false,"showSkybox":false,"showFlares":true,"showImageEffects":true,"showParticleSystems":true},"in2DMode":false,"pivot":{"x":6.313678741455078,"y":1.4574899673461915,"z":14.975919723510743},"rotation":{"x":-0.24416093528270722,"y":0.13963977992534638,"z":-0.035553429275751117,"w":-0.9589735269546509},"size":9.321698188781739,"orthographic":false}