{"cameraMode":{"drawMode":0,"name":"Shaded","section":"Shading Mode"},"sceneLighting":false,"audioPlay":false,"sceneViewState":{"showFog":true,"showMaterialUpdate":false,"showSkybox":false,"showFlares":true,"showImageEffects":true,"showParticleSystems":true},"in2DMode":false,"pivot":{"x":-0.2938117980957031,"y":2.3303062915802,"z":104.82499694824219},"rotation":{"x":0.03650140389800072,"y":-0.9581784605979919,"z":0.24548950791358949,"w":0.1424693614244461},"size":8.841733932495118,"orthographic":false}