{"cameraMode":{"drawMode":0,"name":"Shaded","section":"Shading Mode"},"sceneLighting":false,"audioPlay":false,"sceneViewState":{"showFog":true,"showMaterialUpdate":false,"showSkybox":false,"showFlares":true,"showImageEffects":true,"showParticleSystems":true},"in2DMode":false,"pivot":{"x":-32.601009368896487,"y":-16.048736572265626,"z":122.23737335205078},"rotation":{"x":-0.21894198656082154,"y":0.593845546245575,"z":-0.17224906384944917,"w":-0.7548271417617798},"size":21.93585205078125,"orthographic":false}