{"cameraMode":{"drawMode":0,"name":"Shaded","section":"Shading Mode"},"sceneLighting":false,"audioPlay":false,"sceneViewState":{"showFog":true,"showMaterialUpdate":false,"showSkybox":false,"showFlares":true,"showImageEffects":true,"showParticleSystems":true},"in2DMode":false,"pivot":{"x":0.3407125473022461,"y":2.0739006996154787,"z":18.809276580810548},"rotation":{"x":-0.06740133464336395,"y":0.10218221694231034,"z":-0.006939413957297802,"w":-0.992456316947937},"size":4.478957653045654,"orthographic":false}