{"cameraMode":{"drawMode":0,"name":"Shaded","section":"Shading Mode"},"sceneLighting":false,"audioPlay":false,"sceneViewState":{"showFog":true,"showMaterialUpdate":false,"showSkybox":false,"showFlares":true,"showImageEffects":true,"showParticleSystems":true},"in2DMode":false,"pivot":{"x":6.500967979431152,"y":1.7480535507202149,"z":118.11785888671875},"rotation":{"x":-0.012267500162124634,"y":0.9874011874198914,"z":-0.1238810271024704,"w":-0.09777306020259857},"size":7.911384582519531,"orthographic":false}