{"cameraMode":{"drawMode":0,"name":"Shaded","section":"Shading Mode"},"sceneLighting":false,"audioPlay":false,"sceneViewState":{"showFog":true,"showMaterialUpdate":false,"showSkybox":false,"showFlares":true,"showImageEffects":true,"showParticleSystems":true},"in2DMode":false,"pivot":{"x":0.753258228302002,"y":0.5789365172386169,"z":25.419084548950197},"rotation":{"x":-0.1777757704257965,"y":0.030105212703347207,"z":-0.005441291723400354,"w":-0.9835995435714722},"size":1.0366628170013428,"orthographic":false}