{"cameraMode":{"drawMode":0,"name":"Shaded","section":"Shading Mode"},"sceneLighting":false,"audioPlay":false,"sceneViewState":{"showFog":true,"showMaterialUpdate":false,"showSkybox":false,"showFlares":true,"showImageEffects":true,"showParticleSystems":true},"in2DMode":false,"pivot":{"x":-0.36770105361938479,"y":3.8063652515411379,"z":33.00157165527344},"rotation":{"x":-0.24416093528270722,"y":0.13963977992534638,"z":-0.035553429275751117,"w":-0.9589735269546509},"size":9.501850128173829,"orthographic":false}