{"cameraMode":{"drawMode":0,"name":"Shaded","section":"Shading Mode"},"sceneLighting":false,"audioPlay":false,"sceneViewState":{"showFog":true,"showMaterialUpdate":false,"showSkybox":false,"showFlares":true,"showImageEffects":true,"showParticleSystems":true},"in2DMode":false,"pivot":{"x":0.9531967639923096,"y":-0.4913663864135742,"z":125.47972869873047},"rotation":{"x":0.008580765686929226,"y":0.9906598925590515,"z":-0.1137378066778183,"w":0.07473894953727722},"size":10.601117134094239,"orthographic":false}