{"cameraMode":{"drawMode":0,"name":"Shaded","section":"Shading Mode"},"sceneLighting":false,"audioPlay":false,"sceneViewState":{"showFog":true,"showMaterialUpdate":false,"showSkybox":false,"showFlares":true,"showImageEffects":true,"showParticleSystems":true},"in2DMode":false,"pivot":{"x":-0.3070491850376129,"y":-2.3873610496520998,"z":12.685515403747559},"rotation":{"x":-0.16743884980678559,"y":0.030159717425704004,"z":-0.005126197822391987,"w":-0.9854164719581604},"size":6.502893924713135,"orthographic":false}