{"cameraMode":{"drawMode":0,"name":"Shaded","section":"Shading Mode"},"sceneLighting":false,"audioPlay":false,"sceneViewState":{"showFog":true,"showMaterialUpdate":false,"showSkybox":false,"showFlares":true,"showImageEffects":true,"showParticleSystems":true},"in2DMode":false,"pivot":{"x":27.163267135620118,"y":-10.837397575378418,"z":70.14579772949219},"rotation":{"x":-0.15343979001045228,"y":-0.5685767531394959,"z":0.10894156992435456,"w":-0.8008177876472473},"size":19.266983032226564,"orthographic":false}