{"cameraMode":{"drawMode":0,"name":"Shaded","section":"Shading Mode"},"sceneLighting":true,"audioPlay":false,"sceneViewState":{"showFog":true,"showMaterialUpdate":false,"showSkybox":true,"showFlares":true,"showImageEffects":true,"showParticleSystems":true},"in2DMode":false,"pivot":{"x":-2.8042774200439455,"y":-0.022499799728393556,"z":16.122106552124025},"rotation":{"x":-0.17489157617092133,"y":0.012402413412928582,"z":-0.0022034095600247385,"w":-0.9845086336135864},"size":2.5863735675811769,"orthographic":false}