{"cameraMode":{"drawMode":0,"name":"Shaded","section":"Shading Mode"},"sceneLighting":true,"audioPlay":false,"sceneViewState":{"showFog":true,"showMaterialUpdate":false,"showSkybox":false,"showFlares":true,"showImageEffects":true,"showParticleSystems":true},"in2DMode":false,"pivot":{"x":-12.779009819030762,"y":2.227277994155884,"z":37.3494758605957},"rotation":{"x":-0.008754837326705456,"y":0.3415755033493042,"z":-0.0031658930238336326,"w":-0.9398366212844849},"size":7.154266834259033,"orthographic":false}