{"cameraMode":{"drawMode":0,"name":"Shaded","section":"Shading Mode"},"sceneLighting":false,"audioPlay":false,"sceneViewState":{"showFog":true,"showMaterialUpdate":false,"showSkybox":false,"showFlares":true,"showImageEffects":true,"showParticleSystems":true},"in2DMode":false,"pivot":{"x":5.867414474487305,"y":2.1406030654907228,"z":15.444660186767579},"rotation":{"x":-0.26644375920295718,"y":0.06413386762142182,"z":-0.017768619582057,"w":-0.9615737199783325},"size":6.497045040130615,"orthographic":false}