{"cameraMode":{"drawMode":0,"name":"Shaded","section":"Shading Mode"},"sceneLighting":false,"audioPlay":false,"sceneViewState":{"showFog":true,"showMaterialUpdate":false,"showSkybox":false,"showFlares":true,"showImageEffects":true,"showParticleSystems":true},"in2DMode":false,"pivot":{"x":6.75146484375,"y":11.951904296875,"z":-0.4560546875},"rotation":{"x":0.1328381597995758,"y":-0.19490256905555726,"z":0.02665068209171295,"w":0.9714572429656982},"size":5.9886064529418949,"orthographic":true}