{"cameraMode":{"drawMode":0,"name":"Shaded","section":"Shading Mode"},"sceneLighting":true,"audioPlay":false,"sceneViewState":{"showFog":true,"showMaterialUpdate":false,"showSkybox":false,"showFlares":true,"showImageEffects":true,"showParticleSystems":true},"in2DMode":false,"pivot":{"x":5.75268030166626,"y":-1.9891119003295899,"z":5.720180988311768},"rotation":{"x":-0.3348124623298645,"y":-0.23208382725715638,"z":0.08545762300491333,"w":-0.9092837572097778},"size":5.358828544616699,"orthographic":false}