{"cameraMode":{"drawMode":0,"name":"Shaded","section":"Shading Mode"},"sceneLighting":false,"audioPlay":false,"sceneViewState":{"showFog":true,"showMaterialUpdate":false,"showSkybox":false,"showFlares":true,"showImageEffects":true,"showParticleSystems":true},"in2DMode":false,"pivot":{"x":-6.837357044219971,"y":4.224973201751709,"z":125.0},"rotation":{"x":0.03191591426730156,"y":-0.1700839102268219,"z":0.00555017776787281,"w":0.9849438667297363},"size":9.72836971282959,"orthographic":true}