{"cameraMode":{"drawMode":0,"name":"Shaded","section":"Shading Mode"},"sceneLighting":true,"audioPlay":false,"sceneViewState":{"showFog":true,"showMaterialUpdate":false,"showSkybox":false,"showFlares":true,"showImageEffects":true,"showParticleSystems":true},"in2DMode":false,"pivot":{"x":-1.322439432144165,"y":0.8005099296569824,"z":124.58305358886719},"rotation":{"x":0.1321781724691391,"y":-0.16277502477169038,"z":0.02200704626739025,"w":0.9775514602661133},"size":4.865124225616455,"orthographic":true}