{"cameraMode":{"drawMode":0,"name":"Shaded","section":"Shading Mode"},"sceneLighting":true,"audioPlay":false,"sceneViewState":{"showFog":true,"showMaterialUpdate":false,"showSkybox":true,"showFlares":true,"showImageEffects":true,"showParticleSystems":true},"in2DMode":false,"pivot":{"x":-4.622190952301025,"y":-4.689021587371826,"z":24.878067016601564},"rotation":{"x":-0.20492716133594514,"y":0.09145981073379517,"z":-0.019237371161580087,"w":-0.9743063449859619},"size":12.664589881896973,"orthographic":false}