{"cameraMode":{"drawMode":0,"name":"Shaded","section":"Shading Mode"},"sceneLighting":false,"audioPlay":false,"sceneViewState":{"showFog":true,"showMaterialUpdate":false,"showSkybox":false,"showFlares":true,"showImageEffects":true,"showParticleSystems":true},"in2DMode":false,"pivot":{"x":-2.1892051696777345,"y":3.274106979370117,"z":15.767223358154297},"rotation":{"x":0.1464291214942932,"y":-0.02373889647424221,"z":0.0035149792674928905,"w":0.9889310002326965},"size":5.825897216796875,"orthographic":false}