{"cameraMode":{"drawMode":0,"name":"Shaded","section":"Shading Mode"},"sceneLighting":true,"audioPlay":false,"sceneViewState":{"showFog":true,"showMaterialUpdate":false,"showSkybox":true,"showFlares":true,"showImageEffects":true,"showParticleSystems":true},"in2DMode":false,"pivot":{"x":-28.193885803222658,"y":-8.167855262756348,"z":17.89505386352539},"rotation":{"x":-0.12771689891815186,"y":0.4718303084373474,"z":-0.069279745221138,"w":-0.8696650266647339},"size":25.585994720458986,"orthographic":false}