{"cameraMode":{"drawMode":0,"name":"Shaded","section":"Shading Mode"},"sceneLighting":false,"audioPlay":false,"sceneViewState":{"showFog":true,"showMaterialUpdate":false,"showSkybox":false,"showFlares":true,"showImageEffects":true,"showParticleSystems":true},"in2DMode":false,"pivot":{"x":-8.413329124450684,"y":5.533131122589111,"z":16.06250762939453},"rotation":{"x":-0.21150600910186768,"y":-0.04191765561699867,"z":0.009082798846065998,"w":-0.9764618277549744},"size":9.537376403808594,"orthographic":false}