{"cameraMode":{"drawMode":0,"name":"Shaded","section":"Shading Mode"},"sceneLighting":true,"audioPlay":false,"sceneViewState":{"showFog":true,"showMaterialUpdate":false,"showSkybox":false,"showFlares":true,"showImageEffects":true,"showParticleSystems":true},"in2DMode":false,"pivot":{"x":-6.287357330322266,"y":4.224973201751709,"z":95.0},"rotation":{"x":0.16131554543972016,"y":-0.10194991528987885,"z":0.016753997653722764,"w":0.9815093874931336},"size":9.762680053710938,"orthographic":true}