{"cameraMode":{"drawMode":0,"name":"Shaded","section":"Shading Mode"},"sceneLighting":false,"audioPlay":false,"sceneViewState":{"showFog":true,"showMaterialUpdate":false,"showSkybox":false,"showFlares":true,"showImageEffects":true,"showParticleSystems":true},"in2DMode":false,"pivot":{"x":-6.45426082611084,"y":-0.5237841606140137,"z":13.13077163696289},"rotation":{"x":-0.21150600910186768,"y":-0.04191765561699867,"z":0.009082798846065998,"w":-0.9764618277549744},"size":5.645373821258545,"orthographic":false}