{"cameraMode":{"drawMode":0,"name":"Shaded","section":"Shading Mode"},"sceneLighting":true,"audioPlay":false,"sceneViewState":{"showFog":true,"showMaterialUpdate":false,"showSkybox":false,"showFlares":true,"showImageEffects":true,"showParticleSystems":true},"in2DMode":false,"pivot":{"x":1.438499927520752,"y":0.8005099296569824,"z":154.82501220703126},"rotation":{"x":0.15804608166217805,"y":-0.11965326219797135,"z":0.019326454028487207,"w":0.9800030589103699},"size":7.416427135467529,"orthographic":true}