{"cameraMode":{"drawMode":0,"name":"Shaded","section":"Shading Mode"},"sceneLighting":true,"audioPlay":false,"sceneViewState":{"showFog":true,"showMaterialUpdate":false,"showSkybox":false,"showFlares":true,"showImageEffects":true,"showParticleSystems":true},"in2DMode":false,"pivot":{"x":-8.216064453125,"y":2.868408203125,"z":22.0751953125},"rotation":{"x":0.17541742324829102,"y":-0.152316614985466,"z":0.02747333236038685,"w":0.9722621440887451},"size":3.820509910583496,"orthographic":true}