{"cameraMode":{"drawMode":0,"name":"Shaded","section":"Shading Mode"},"sceneLighting":true,"audioPlay":false,"sceneViewState":{"showFog":true,"showMaterialUpdate":false,"showSkybox":false,"showFlares":true,"showImageEffects":true,"showParticleSystems":true},"in2DMode":false,"pivot":{"x":-10.125244140625,"y":0.452392578125,"z":21.630126953125},"rotation":{"x":-0.19050101935863496,"y":0.062458548694849017,"z":-0.0120127247646451,"w":-0.9799266457557678},"size":3.2759692668914797,"orthographic":true}