{"cameraMode":{"drawMode":0,"name":"Shaded","section":"Shading Mode"},"sceneLighting":true,"audioPlay":false,"sceneViewState":{"showFog":true,"showMaterialUpdate":false,"showSkybox":false,"showFlares":true,"showImageEffects":true,"showParticleSystems":true},"in2DMode":false,"pivot":{"x":-3.7854721546173097,"y":3.8741025924682619,"z":4.109806060791016},"rotation":{"x":-0.13129308819770814,"y":0.09708607941865921,"z":-0.012926075607538224,"w":-0.9865232706069946},"size":7.507813453674316,"orthographic":false}