{"cameraMode":{"drawMode":0,"name":"Shaded","section":"Shading Mode"},"sceneLighting":true,"audioPlay":false,"sceneViewState":{"showFog":true,"showMaterialUpdate":false,"showSkybox":false,"showFlares":true,"showImageEffects":true,"showParticleSystems":true},"in2DMode":false,"pivot":{"x":0.0,"y":0.7218313217163086,"z":78.36604309082031},"rotation":{"x":0.15327468514442445,"y":-0.01630336418747902,"z":0.0025316502433270218,"w":0.9880743026733398},"size":6.162590026855469,"orthographic":true}