{"cameraMode":{"drawMode":0,"name":"Shaded","section":"Shading Mode"},"sceneLighting":true,"audioPlay":false,"sceneViewState":{"showFog":true,"showMaterialUpdate":false,"showSkybox":false,"showFlares":true,"showImageEffects":true,"showParticleSystems":true},"in2DMode":false,"pivot":{"x":2.82952880859375,"y":1.74755859375,"z":54.783203125},"rotation":{"x":0.11819629371166229,"y":0.01876746118068695,"z":-0.002304080640897155,"w":0.9928551912307739},"size":4.274832248687744,"orthographic":true}