{"cameraMode":{"drawMode":0,"name":"Shaded","section":"Shading Mode"},"sceneLighting":true,"audioPlay":false,"sceneViewState":{"showFog":true,"showMaterialUpdate":false,"showSkybox":false,"showFlares":true,"showImageEffects":true,"showParticleSystems":true},"in2DMode":false,"pivot":{"x":-4.426555633544922,"y":7.142657279968262,"z":20.152629852294923},"rotation":{"x":0.023680929094552995,"y":-0.026392389088869096,"z":-0.0006147412932477891,"w":-0.9993995428085327},"size":6.741764068603516,"orthographic":false}