{"cameraMode":{"drawMode":0,"name":"Shaded","section":"Shading Mode"},"sceneLighting":true,"audioPlay":false,"sceneViewState":{"showFog":true,"showMaterialUpdate":false,"showSkybox":false,"showFlares":true,"showImageEffects":true,"showParticleSystems":true},"in2DMode":false,"pivot":{"x":-8.30126953125,"y":4.04248046875,"z":163.9384765625},"rotation":{"x":0.07636308670043946,"y":-0.1563844382762909,"z":0.012149839662015438,"w":0.9847055077552795},"size":5.392024993896484,"orthographic":true}