{"cameraMode":{"drawMode":0,"name":"Shaded","section":"Shading Mode"},"sceneLighting":false,"audioPlay":false,"sceneViewState":{"showFog":true,"showMaterialUpdate":false,"showSkybox":false,"showFlares":true,"showImageEffects":true,"showParticleSystems":true},"in2DMode":false,"pivot":{"x":1.916259765625,"y":1.569091796875,"z":46.1005859375},"rotation":{"x":0.1260804980993271,"y":-0.08619096130132675,"z":0.011025676503777504,"w":0.9882368445396423},"size":6.8417744636535648,"orthographic":true}