{"cameraMode":{"drawMode":0,"name":"Shaded","section":"Shading Mode"},"sceneLighting":true,"audioPlay":false,"sceneViewState":{"showFog":true,"showMaterialUpdate":false,"showSkybox":false,"showFlares":true,"showImageEffects":true,"showParticleSystems":true},"in2DMode":false,"pivot":{"x":-2.43798828125,"y":1.489501953125,"z":54.935302734375},"rotation":{"x":0.0779120922088623,"y":-0.009568392299115658,"z":0.0006721648969687521,"w":0.9969592690467835},"size":4.595048427581787,"orthographic":true}