{"cameraMode":{"drawMode":0,"name":"Shaded","section":"Shading Mode"},"sceneLighting":true,"audioPlay":false,"sceneViewState":{"showFog":true,"showMaterialUpdate":false,"showSkybox":true,"showFlares":true,"showImageEffects":true,"showParticleSystems":true},"in2DMode":false,"pivot":{"x":-3.36360239982605,"y":2.1728904247283937,"z":-3.8167104721069338},"rotation":{"x":-0.08084774762392044,"y":0.46962547302246096,"z":-0.043238695710897449,"w":-0.8781366348266602},"size":1.9510107040405274,"orthographic":false}