{"cameraMode":{"drawMode":0,"name":"Shaded","section":"Shading Mode"},"sceneLighting":true,"audioPlay":false,"sceneViewState":{"showFog":true,"showMaterialUpdate":false,"showSkybox":false,"showFlares":true,"showImageEffects":true,"showParticleSystems":true},"in2DMode":false,"pivot":{"x":7.080810546875,"y":1.564453125,"z":152.4814453125},"rotation":{"x":0.23913472890853883,"y":0.08436153084039688,"z":-0.02083159051835537,"w":0.9671302437782288},"size":5.202676296234131,"orthographic":true}