{"cameraMode":{"drawMode":0,"name":"Shaded","section":"Shading Mode"},"sceneLighting":true,"audioPlay":false,"sceneViewState":{"showFog":true,"showMaterialUpdate":false,"showSkybox":false,"showFlares":true,"showImageEffects":true,"showParticleSystems":true},"in2DMode":false,"pivot":{"x":-9.26806640625,"y":3.04150390625,"z":154.0869140625},"rotation":{"x":0.15804608166217805,"y":-0.11965326219797135,"z":0.019326454028487207,"w":0.9800030589103699},"size":5.392024993896484,"orthographic":true}