{"cameraMode":{"drawMode":0,"name":"Shaded","section":"Shading Mode"},"sceneLighting":false,"audioPlay":false,"sceneViewState":{"showFog":true,"showMaterialUpdate":false,"showSkybox":false,"showFlares":true,"showImageEffects":true,"showParticleSystems":true},"in2DMode":false,"pivot":{"x":10.3076171875,"y":3.61865234375,"z":102.6669921875},"rotation":{"x":-0.13929405808448792,"y":-0.09550150483846665,"z":0.013473673723638058,"w":-0.9855864644050598},"size":6.89324951171875,"orthographic":true}