{"cameraMode":{"drawMode":0,"name":"Shaded","section":"Shading Mode"},"sceneLighting":true,"audioPlay":false,"sceneViewState":{"showFog":true,"showMaterialUpdate":false,"showSkybox":false,"showFlares":true,"showImageEffects":true,"showParticleSystems":true},"in2DMode":false,"pivot":{"x":0.0,"y":0.7283315658569336,"z":194.72535705566407},"rotation":{"x":0.1414257138967514,"y":-0.007416792679578066,"z":0.0011110694613307715,"w":0.9899735450744629},"size":7.395400524139404,"orthographic":true}