{"cameraMode":{"drawMode":0,"name":"Shaded","section":"Shading Mode"},"sceneLighting":true,"audioPlay":false,"sceneViewState":{"showFog":true,"showMaterialUpdate":false,"showSkybox":false,"showFlares":true,"showImageEffects":true,"showParticleSystems":true},"in2DMode":false,"pivot":{"x":-3.7699012756347658,"y":-3.9153804779052736,"z":40.88373947143555},"rotation":{"x":-0.1523120254278183,"y":0.07167567312717438,"z":-0.011152666062116623,"w":-0.9857316017150879},"size":15.998407363891602,"orthographic":false}