{"cameraMode":{"drawMode":0,"name":"Shaded","section":"Shading Mode"},"sceneLighting":true,"audioPlay":false,"sceneViewState":{"showFog":true,"showMaterialUpdate":false,"showSkybox":false,"showFlares":true,"showImageEffects":true,"showParticleSystems":true},"in2DMode":false,"pivot":{"x":-0.048439979553222659,"y":0.8005099296569824,"z":135.123046875},"rotation":{"x":0.20690084993839265,"y":-0.5751386880874634,"z":0.15324585139751435,"w":0.7765188813209534},"size":5.16054105758667,"orthographic":true}