{"cameraMode":{"drawMode":0,"name":"Shaded","section":"Shading Mode"},"sceneLighting":true,"audioPlay":false,"sceneViewState":{"showFog":true,"showMaterialUpdate":false,"showSkybox":false,"showFlares":true,"showImageEffects":true,"showParticleSystems":true},"in2DMode":false,"pivot":{"x":-0.048439979553222659,"y":0.8005099296569824,"z":165.123046875},"rotation":{"x":0.1256934553384781,"y":-0.5422267317771912,"z":0.08246730268001557,"w":0.8267223238945007},"size":5.391709804534912,"orthographic":true}