{"cameraMode":{"drawMode":0,"name":"Shaded","section":"Shading Mode"},"sceneLighting":true,"audioPlay":false,"sceneViewState":{"showFog":true,"showMaterialUpdate":false,"showSkybox":false,"showFlares":true,"showImageEffects":true,"showParticleSystems":true},"in2DMode":false,"pivot":{"x":5.164819717407227,"y":0.7368316650390625,"z":132.29513549804688},"rotation":{"x":-0.211605504155159,"y":-0.3015075623989105,"z":0.06888074427843094,"w":-0.9271956086158752},"size":4.631451606750488,"orthographic":true}