{"cameraMode":{"drawMode":0,"name":"Shaded","section":"Shading Mode"},"sceneLighting":true,"audioPlay":false,"sceneViewState":{"showFog":true,"showMaterialUpdate":false,"showSkybox":false,"showFlares":true,"showImageEffects":true,"showParticleSystems":true},"in2DMode":false,"pivot":{"x":-0.8089504241943359,"y":3.5372865200042726,"z":-4.227465629577637},"rotation":{"x":-0.12771689891815186,"y":0.4718303084373474,"z":-0.069279745221138,"w":-0.8696650266647339},"size":5.896341800689697,"orthographic":false}