{"cameraMode":{"drawMode":0,"name":"Shaded","section":"Shading Mode"},"sceneLighting":true,"audioPlay":false,"sceneViewState":{"showFog":true,"showMaterialUpdate":false,"showSkybox":false,"showFlares":true,"showImageEffects":true,"showParticleSystems":true},"in2DMode":false,"pivot":{"x":12.745824813842774,"y":-19.427295684814454,"z":41.89488220214844},"rotation":{"x":-0.349845290184021,"y":-0.2158370167016983,"z":0.0831596851348877,"w":-0.9078686833381653},"size":22.747671127319337,"orthographic":false}