{"cameraMode":{"drawMode":0,"name":"Shaded","section":"Shading Mode"},"sceneLighting":false,"audioPlay":false,"sceneViewState":{"showFog":true,"showMaterialUpdate":false,"showSkybox":false,"showFlares":true,"showImageEffects":true,"showParticleSystems":true},"in2DMode":false,"pivot":{"x":10.658893585205079,"y":3.2233166694641115,"z":0.20659637451171876},"rotation":{"x":0.10387895256280899,"y":-0.18389631807804109,"z":0.01954677514731884,"w":0.9772644639015198},"size":5.852349758148193,"orthographic":true}