{"cameraMode":{"drawMode":0,"name":"Shaded","section":"Shading Mode"},"sceneLighting":true,"audioPlay":false,"sceneViewState":{"showFog":true,"showMaterialUpdate":false,"showSkybox":false,"showFlares":true,"showImageEffects":true,"showParticleSystems":true},"in2DMode":false,"pivot":{"x":12.221141815185547,"y":2.805063486099243,"z":2.0480830669403078},"rotation":{"x":0.10387895256280899,"y":-0.18389631807804109,"z":0.01954677514731884,"w":0.9772644639015198},"size":8.8430814743042,"orthographic":true}