{"cameraMode":{"drawMode":0,"name":"Shaded","section":"Shading Mode"},"sceneLighting":true,"audioPlay":false,"sceneViewState":{"showFog":true,"showMaterialUpdate":false,"showSkybox":false,"showFlares":true,"showImageEffects":true,"showParticleSystems":true},"in2DMode":false,"pivot":{"x":-3.312103271484375,"y":3.2127685546875,"z":2.490234375},"rotation":{"x":0.22279092669487,"y":-0.1224585697054863,"z":0.028221584856510164,"w":0.966744601726532},"size":6.059279918670654,"orthographic":true}