{"cameraMode":{"drawMode":0,"name":"Shaded","section":"Shading Mode"},"sceneLighting":true,"audioPlay":false,"sceneViewState":{"showFog":true,"showMaterialUpdate":false,"showSkybox":false,"showFlares":true,"showImageEffects":true,"showParticleSystems":true},"in2DMode":false,"pivot":{"x":-3.178555488586426,"y":2.7569565773010256,"z":10.876416206359864},"rotation":{"x":-0.12761282920837403,"y":0.47313427925109866,"z":-0.06947124004364014,"w":-0.8689562678337097},"size":5.172102928161621,"orthographic":false}