{"cameraMode":{"drawMode":0,"name":"Shaded","section":"Shading Mode"},"sceneLighting":true,"audioPlay":false,"sceneViewState":{"showFog":true,"showMaterialUpdate":false,"showSkybox":false,"showFlares":true,"showImageEffects":true,"showParticleSystems":true},"in2DMode":false,"pivot":{"x":-2.763078212738037,"y":-4.791738033294678,"z":47.033348083496097},"rotation":{"x":-0.22588956356048585,"y":0.1258438378572464,"z":-0.02942940592765808,"w":-0.9655711054801941},"size":12.178531646728516,"orthographic":false}