{"cameraMode":{"drawMode":0,"name":"Shaded","section":"Shading Mode"},"sceneLighting":true,"audioPlay":false,"sceneViewState":{"showFog":true,"showMaterialUpdate":false,"showSkybox":false,"showFlares":true,"showImageEffects":true,"showParticleSystems":true},"in2DMode":false,"pivot":{"x":6.109200477600098,"y":4.346953868865967,"z":2.132068634033203},"rotation":{"x":-0.18073807656764985,"y":0.028617069125175477,"z":-0.005250886548310518,"w":-0.9831275939941406},"size":8.487049102783204,"orthographic":false}