{"cameraMode":{"drawMode":0,"name":"Shaded","section":"Shading Mode"},"sceneLighting":true,"audioPlay":false,"sceneViewState":{"showFog":true,"showMaterialUpdate":false,"showSkybox":false,"showFlares":true,"showImageEffects":true,"showParticleSystems":true},"in2DMode":false,"pivot":{"x":-6.207357406616211,"y":2.130603551864624,"z":21.69499969482422},"rotation":{"x":-0.15118563175201417,"y":0.02431495115160942,"z":-0.0037097230087965729,"w":-0.9882261157035828},"size":6.388372421264648,"orthographic":false}