{"cameraMode":{"drawMode":0,"name":"Shaded","section":"Shading Mode"},"sceneLighting":false,"audioPlay":false,"sceneViewState":{"showFog":true,"showMaterialUpdate":false,"showSkybox":false,"showFlares":true,"showImageEffects":true,"showParticleSystems":true},"in2DMode":false,"pivot":{"x":4.468017578125,"y":4.63134765625,"z":6.857421875},"rotation":{"x":0.08503580093383789,"y":0.16953924298286439,"z":-0.014681503176689148,"w":0.9817726612091065},"size":5.350536823272705,"orthographic":true}