{"cameraMode":{"drawMode":0,"name":"Shaded","section":"Shading Mode"},"sceneLighting":true,"audioPlay":false,"sceneViewState":{"showFog":true,"showMaterialUpdate":false,"showSkybox":false,"showFlares":true,"showImageEffects":true,"showParticleSystems":true},"in2DMode":false,"pivot":{"x":0.30708372592926028,"y":3.2793569564819338,"z":1.9359188079833985},"rotation":{"x":-0.16733473539352418,"y":0.04641469940543175,"z":-0.007893809117376805,"w":-0.9848038554191589},"size":5.067883014678955,"orthographic":false}