{"cameraMode":{"drawMode":0,"name":"Shaded","section":"Shading Mode"},"sceneLighting":true,"audioPlay":false,"sceneViewState":{"showFog":true,"showMaterialUpdate":false,"showSkybox":false,"showFlares":true,"showImageEffects":true,"showParticleSystems":true},"in2DMode":false,"pivot":{"x":-7.3962202072143559,"y":-0.18566298484802247,"z":2.2705302238464357},"rotation":{"x":-0.13129308819770814,"y":0.09708607941865921,"z":-0.012926075607538224,"w":-0.9865232706069946},"size":2.0751283168792726,"orthographic":false}