{"cameraMode":{"drawMode":0,"name":"Shaded","section":"Shading Mode"},"sceneLighting":true,"audioPlay":false,"sceneViewState":{"showFog":true,"showMaterialUpdate":false,"showSkybox":false,"showFlares":true,"showImageEffects":true,"showParticleSystems":true},"in2DMode":false,"pivot":{"x":-0.037940025329589847,"y":0.8005099296569824,"z":175.0030517578125},"rotation":{"x":0.1640406996011734,"y":-0.11365921050310135,"z":0.019058605656027795,"w":0.9797367453575134},"size":13.782947540283204,"orthographic":true}