{"cameraMode":{"drawMode":0,"name":"Shaded","section":"Shading Mode"},"sceneLighting":true,"audioPlay":false,"sceneViewState":{"showFog":true,"showMaterialUpdate":false,"showSkybox":true,"showFlares":true,"showImageEffects":true,"showParticleSystems":true},"in2DMode":false,"pivot":{"x":-2.6757326126098635,"y":-8.93539810180664,"z":19.93939971923828},"rotation":{"x":-0.2461898773908615,"y":0.06449116766452789,"z":-0.016421038657426835,"w":-0.9669427871704102},"size":15.081700325012207,"orthographic":false}