{"cameraMode":{"drawMode":0,"name":"Shaded","section":"Shading Mode"},"sceneLighting":true,"audioPlay":false,"sceneViewState":{"showFog":true,"showMaterialUpdate":false,"showSkybox":false,"showFlares":true,"showImageEffects":true,"showParticleSystems":true},"in2DMode":false,"pivot":{"x":5.419994354248047,"y":0.7368316650390625,"z":192.29513549804688},"rotation":{"x":0.10417959094047547,"y":0.025364601984620096,"z":-0.002622219268232584,"w":0.9942725896835327},"size":2.7927072048187258,"orthographic":true}