{"cameraMode":{"drawMode":0,"name":"Shaded","section":"Shading Mode"},"sceneLighting":true,"audioPlay":false,"sceneViewState":{"showFog":true,"showMaterialUpdate":false,"showSkybox":false,"showFlares":true,"showImageEffects":true,"showParticleSystems":true},"in2DMode":false,"pivot":{"x":1.438499927520752,"y":0.8005099296569824,"z":114.82499694824219},"rotation":{"x":0.11610086262226105,"y":0.02532631903886795,"z":-0.002963743172585964,"w":0.9929391145706177},"size":4.4692206382751469,"orthographic":true}