{"cameraMode":{"drawMode":0,"name":"Shaded","section":"Shading Mode"},"sceneLighting":true,"audioPlay":false,"sceneViewState":{"showFog":true,"showMaterialUpdate":false,"showSkybox":false,"showFlares":true,"showImageEffects":true,"showParticleSystems":true},"in2DMode":false,"pivot":{"x":-3.0161356925964357,"y":0.6642665863037109,"z":39.54216003417969},"rotation":{"x":-0.15118563175201417,"y":0.02431495115160942,"z":-0.0037097230087965729,"w":-0.9882261157035828},"size":10.351644515991211,"orthographic":false}