{"cameraMode":{"drawMode":0,"name":"Shaded","section":"Shading Mode"},"sceneLighting":true,"audioPlay":false,"sceneViewState":{"showFog":true,"showMaterialUpdate":false,"showSkybox":false,"showFlares":true,"showImageEffects":true,"showParticleSystems":true},"in2DMode":false,"pivot":{"x":2.6517333984375,"y":1.4345703125,"z":3.96435546875},"rotation":{"x":0.15821506083011628,"y":-0.038498878479003909,"z":0.006179328076541424,"w":0.9866604804992676},"size":5.434566974639893,"orthographic":true}