{"cameraMode":{"drawMode":0,"name":"Shaded","section":"Shading Mode"},"sceneLighting":true,"audioPlay":false,"sceneViewState":{"showFog":true,"showMaterialUpdate":false,"showSkybox":true,"showFlares":true,"showImageEffects":true,"showParticleSystems":true},"in2DMode":false,"pivot":{"x":-0.2421875,"y":25.334102630615236,"z":69.65831756591797},"rotation":{"x":-0.05820690095424652,"y":-0.6781758666038513,"z":0.054028358310461047,"w":-0.7306117415428162},"size":1505.3758544921875,"orthographic":true}