{"cameraMode":{"drawMode":0,"name":"Shaded","section":"Shading Mode"},"sceneLighting":false,"audioPlay":false,"sceneViewState":{"showFog":true,"showMaterialUpdate":false,"showSkybox":false,"showFlares":true,"showImageEffects":true,"showParticleSystems":true},"in2DMode":false,"pivot":{"x":-2.8609619140625,"y":3.271484375,"z":174.5595703125},"rotation":{"x":0.2792544960975647,"y":-0.09342602640390396,"z":0.0273505300283432,"w":0.9553104043006897},"size":6.519413948059082,"orthographic":true}