{"cameraMode":{"drawMode":0,"name":"Shaded","section":"Shading Mode"},"sceneLighting":true,"audioPlay":false,"sceneViewState":{"showFog":true,"showMaterialUpdate":false,"showSkybox":false,"showFlares":true,"showImageEffects":true,"showParticleSystems":true},"in2DMode":false,"pivot":{"x":7.838951110839844,"y":-1.1698732376098633,"z":6.696743488311768},"rotation":{"x":-0.2994483709335327,"y":-0.42570599913597109,"z":0.1516827493906021,"w":-0.8403331637382507},"size":6.806698322296143,"orthographic":false}