{"cameraMode":{"drawMode":0,"name":"Shaded","section":"Shading Mode"},"sceneLighting":true,"audioPlay":false,"sceneViewState":{"showFog":true,"showMaterialUpdate":false,"showSkybox":false,"showFlares":true,"showImageEffects":true,"showParticleSystems":true},"in2DMode":false,"pivot":{"x":3.8516783714294435,"y":1.1051545143127442,"z":13.437875747680664},"rotation":{"x":-0.3004833459854126,"y":-0.12202492356300354,"z":0.03882882744073868,"w":-0.9451870322227478},"size":4.274981498718262,"orthographic":false}