{"cameraMode":{"drawMode":0,"name":"Shaded","section":"Shading Mode"},"sceneLighting":true,"audioPlay":false,"sceneViewState":{"showFog":true,"showMaterialUpdate":false,"showSkybox":false,"showFlares":true,"showImageEffects":true,"showParticleSystems":true},"in2DMode":false,"pivot":{"x":-5.419994354248047,"y":0.7368316650390625,"z":197.70486450195313},"rotation":{"x":0.15122368931770326,"y":-0.21029581129550935,"z":0.03299316018819809,"w":0.9653578400611877},"size":4.90805721282959,"orthographic":true}