{"cameraMode":{"drawMode":0,"name":"Shaded","section":"Shading Mode"},"sceneLighting":true,"audioPlay":false,"sceneViewState":{"showFog":true,"showMaterialUpdate":false,"showSkybox":false,"showFlares":true,"showImageEffects":true,"showParticleSystems":true},"in2DMode":false,"pivot":{"x":6.296255111694336,"y":0.5529642105102539,"z":2.77160906791687},"rotation":{"x":-0.2571578323841095,"y":-0.6323522329330444,"z":0.23499934375286103,"w":-0.691981852054596},"size":4.758828163146973,"orthographic":false}