{"cameraMode":{"drawMode":0,"name":"Shaded","section":"Shading Mode"},"sceneLighting":false,"audioPlay":false,"sceneViewState":{"showFog":true,"showMaterialUpdate":false,"showSkybox":false,"showFlares":true,"showImageEffects":true,"showParticleSystems":true},"in2DMode":false,"pivot":{"x":-4.066860675811768,"y":-0.9151618480682373,"z":6.9550461769104},"rotation":{"x":0.11507619172334671,"y":-0.053614694625139239,"z":0.006217568647116423,"w":0.991894543170929},"size":6.911842346191406,"orthographic":false}