{"cameraMode":{"drawMode":0,"name":"Shaded","section":"Shading Mode"},"sceneLighting":false,"audioPlay":false,"sceneViewState":{"showFog":true,"showMaterialUpdate":false,"showSkybox":false,"showFlares":true,"showImageEffects":true,"showParticleSystems":true},"in2DMode":false,"pivot":{"x":6.17822265625,"y":0.37451171875,"z":86.647705078125},"rotation":{"x":0.20010410249233247,"y":0.6517549753189087,"z":-0.18415091931819917,"w":0.7080662846565247},"size":4.000946998596191,"orthographic":true}