{"cameraMode":{"drawMode":0,"name":"Shaded","section":"Shading Mode"},"sceneLighting":true,"audioPlay":false,"sceneViewState":{"showFog":true,"showMaterialUpdate":false,"showSkybox":false,"showFlares":true,"showImageEffects":true,"showParticleSystems":true},"in2DMode":false,"pivot":{"x":-6.837357044219971,"y":4.224973201751709,"z":134.84129333496095},"rotation":{"x":-0.16197091341018678,"y":0.1931551694869995,"z":-0.032231882214546207,"w":-0.9672197103500366},"size":5.64609956741333,"orthographic":true}