{"cameraMode":{"drawMode":0,"name":"Shaded","section":"Shading Mode"},"sceneLighting":false,"audioPlay":false,"sceneViewState":{"showFog":true,"showMaterialUpdate":false,"showSkybox":false,"showFlares":true,"showImageEffects":true,"showParticleSystems":true},"in2DMode":false,"pivot":{"x":7.9501953125,"y":2.91357421875,"z":115.0341796875},"rotation":{"x":0.1983453333377838,"y":0.21844710409641267,"z":-0.04539965093135834,"w":0.9544360637664795},"size":6.278300762176514,"orthographic":true}