{"cameraMode":{"drawMode":0,"name":"Shaded","section":"Shading Mode"},"sceneLighting":false,"audioPlay":false,"sceneViewState":{"showFog":true,"showMaterialUpdate":false,"showSkybox":false,"showFlares":true,"showImageEffects":true,"showParticleSystems":true},"in2DMode":false,"pivot":{"x":-2.6676583290100099,"y":-4.43284273147583,"z":35.75872039794922},"rotation":{"x":-0.19103428721427918,"y":0.03150468319654465,"z":-0.0061204400844872,"w":-0.9810906648635864},"size":8.885111808776856,"orthographic":false}