{"cameraMode":{"drawMode":0,"name":"Shaded","section":"Shading Mode"},"sceneLighting":true,"audioPlay":false,"sceneViewState":{"showFog":true,"showMaterialUpdate":false,"showSkybox":false,"showFlares":true,"showImageEffects":true,"showParticleSystems":true},"in2DMode":false,"pivot":{"x":2.33233642578125,"y":4.51904296875,"z":94.9423828125},"rotation":{"x":0.17252883315086366,"y":0.008867030963301659,"z":-0.0015480580041185022,"w":0.9849945306777954},"size":6.78469705581665,"orthographic":true}