{"cameraMode":{"drawMode":0,"name":"Shaded","section":"Shading Mode"},"sceneLighting":true,"audioPlay":false,"sceneViewState":{"showFog":true,"showMaterialUpdate":false,"showSkybox":false,"showFlares":true,"showImageEffects":true,"showParticleSystems":true},"in2DMode":false,"pivot":{"x":-7.114261627197266,"y":0.24980366230010987,"z":2.4468963146209719},"rotation":{"x":-0.13129308819770814,"y":0.09708607941865921,"z":-0.012926075607538224,"w":-0.9865232706069946},"size":4.475128173828125,"orthographic":false}