{"cameraMode":{"drawMode":0,"name":"Shaded","section":"Shading Mode"},"sceneLighting":false,"audioPlay":false,"sceneViewState":{"showFog":true,"showMaterialUpdate":false,"showSkybox":false,"showFlares":true,"showImageEffects":true,"showParticleSystems":true},"in2DMode":false,"pivot":{"x":-11.66590690612793,"y":0.0027456283569335939,"z":-531.5313110351563},"rotation":{"x":0.10387895256280899,"y":-0.18389631807804109,"z":0.01954677514731884,"w":0.9772644639015198},"size":267.397705078125,"orthographic":true}