{"cameraMode":{"drawMode":0,"name":"Shaded","section":"Shading Mode"},"sceneLighting":true,"audioPlay":false,"sceneViewState":{"showFog":true,"showMaterialUpdate":false,"showSkybox":false,"showFlares":true,"showImageEffects":true,"showParticleSystems":true},"in2DMode":false,"pivot":{"x":0.9444580078125,"y":1.9833984375,"z":6.873046875},"rotation":{"x":0.09119973331689835,"y":-0.06120413914322853,"z":0.005615850444883108,"w":0.9939343333244324},"size":6.904632568359375,"orthographic":true}