{"cameraMode":{"drawMode":0,"name":"Shaded","section":"Shading Mode"},"sceneLighting":false,"audioPlay":false,"sceneViewState":{"showFog":true,"showMaterialUpdate":false,"showSkybox":false,"showFlares":true,"showImageEffects":true,"showParticleSystems":true},"in2DMode":false,"pivot":{"x":-5.233154296875,"y":7.752685546875,"z":7.537109375},"rotation":{"x":0.07669707387685776,"y":0.12677782773971559,"z":-0.00981752760708332,"w":0.9889359474182129},"size":6.268967151641846,"orthographic":true}