{"cameraMode":{"drawMode":0,"name":"Shaded","section":"Shading Mode"},"sceneLighting":true,"audioPlay":false,"sceneViewState":{"showFog":true,"showMaterialUpdate":false,"showSkybox":false,"showFlares":true,"showImageEffects":true,"showParticleSystems":true},"in2DMode":false,"pivot":{"x":-1.6050033569335938,"y":0.9756577610969544,"z":21.682559967041017},"rotation":{"x":-0.022794613614678384,"y":-0.033887311816215518,"z":0.0007864029612392187,"w":-0.9991946220397949},"size":5.404821395874023,"orthographic":false}