{"cameraMode":{"drawMode":0,"name":"Shaded","section":"Shading Mode"},"sceneLighting":true,"audioPlay":false,"sceneViewState":{"showFog":true,"showMaterialUpdate":false,"showSkybox":false,"showFlares":true,"showImageEffects":true,"showParticleSystems":true},"in2DMode":false,"pivot":{"x":24.5830078125,"y":14.9228515625,"z":23.630859375},"rotation":{"x":0.10925422608852387,"y":-0.36789220571517947,"z":0.04358904808759689,"w":0.9224263429641724},"size":8.601263046264649,"orthographic":true}