{"cameraMode":{"drawMode":0,"name":"Shaded","section":"Shading Mode"},"sceneLighting":false,"audioPlay":false,"sceneViewState":{"showFog":true,"showMaterialUpdate":false,"showSkybox":false,"showFlares":true,"showImageEffects":true,"showParticleSystems":true},"in2DMode":false,"pivot":{"x":-3.384999990463257,"y":0.7799999713897705,"z":14.069999694824219},"rotation":{"x":-0.20605753362178803,"y":0.1868547946214676,"z":-0.040120162069797519,"w":-0.9596964120864868},"size":10.0,"orthographic":false}