{"cameraMode":{"drawMode":0,"name":"Shaded","section":"Shading Mode"},"sceneLighting":false,"audioPlay":false,"sceneViewState":{"showFog":true,"showMaterialUpdate":false,"showSkybox":false,"showFlares":true,"showImageEffects":true,"showParticleSystems":true},"in2DMode":false,"pivot":{"x":8.304640769958496,"y":3.2321155071258547,"z":124.701171875},"rotation":{"x":0.14617551863193513,"y":0.12577968835830689,"z":-0.01869763247668743,"w":0.9810959100723267},"size":8.457374572753907,"orthographic":true}