{"cameraMode":{"drawMode":0,"name":"Shaded","section":"Shading Mode"},"sceneLighting":true,"audioPlay":false,"sceneViewState":{"showFog":true,"showMaterialUpdate":false,"showSkybox":false,"showFlares":true,"showImageEffects":true,"showParticleSystems":true},"in2DMode":false,"pivot":{"x":-4.474714279174805,"y":2.120603561401367,"z":38.939998626708987},"rotation":{"x":-0.15118563175201417,"y":0.02431495115160942,"z":-0.0037097230087965729,"w":-0.9882261157035828},"size":12.12435531616211,"orthographic":false}