{"cameraMode":{"drawMode":0,"name":"Shaded","section":"Shading Mode"},"sceneLighting":false,"audioPlay":false,"sceneViewState":{"showFog":true,"showMaterialUpdate":false,"showSkybox":false,"showFlares":true,"showImageEffects":true,"showParticleSystems":true},"in2DMode":false,"pivot":{"x":1.602996826171875,"y":0.5294189453125,"z":75.072265625},"rotation":{"x":0.12638677656650544,"y":-0.0520540289580822,"z":0.006644606590270996,"w":0.9906209111213684},"size":2.8256540298461916,"orthographic":true}