{"cameraMode":{"drawMode":0,"name":"Shaded","section":"Shading Mode"},"sceneLighting":true,"audioPlay":false,"sceneViewState":{"showFog":true,"showMaterialUpdate":false,"showSkybox":false,"showFlares":true,"showImageEffects":true,"showParticleSystems":true},"in2DMode":false,"pivot":{"x":-0.12534236907958985,"y":0.7368316650390625,"z":132.540283203125},"rotation":{"x":0.13948240876197816,"y":-0.08011642098426819,"z":0.01132262870669365,"w":0.9869418740272522},"size":6.419976711273193,"orthographic":true}