{"cameraMode":{"drawMode":0,"name":"Shaded","section":"Shading Mode"},"sceneLighting":false,"audioPlay":false,"sceneViewState":{"showFog":true,"showMaterialUpdate":false,"showSkybox":false,"showFlares":true,"showImageEffects":true,"showParticleSystems":true},"in2DMode":false,"pivot":{"x":-0.709507942199707,"y":3.5835788249969484,"z":4.658820629119873},"rotation":{"x":-0.09759605675935745,"y":0.24287422001361848,"z":-0.024572616443037988,"w":-0.9648562669754028},"size":5.716449737548828,"orthographic":false}