{"cameraMode":{"drawMode":0,"name":"Shaded","section":"Shading Mode"},"sceneLighting":true,"audioPlay":false,"sceneViewState":{"showFog":true,"showMaterialUpdate":false,"showSkybox":false,"showFlares":true,"showImageEffects":true,"showParticleSystems":true},"in2DMode":false,"pivot":{"x":0.0,"y":1.5204832553863526,"z":125.12306213378906},"rotation":{"x":0.17409999668598176,"y":-0.12372125685214997,"z":0.022040948271751405,"w":0.9767065048217773},"size":18.06032371520996,"orthographic":true}