{"cameraMode":{"drawMode":0,"name":"Shaded","section":"Shading Mode"},"sceneLighting":true,"audioPlay":false,"sceneViewState":{"showFog":true,"showMaterialUpdate":false,"showSkybox":true,"showFlares":true,"showImageEffects":true,"showParticleSystems":true},"in2DMode":false,"pivot":{"x":-2.0851433277130129,"y":1.8856865167617798,"z":13.663503646850586},"rotation":{"x":-0.2698768675327301,"y":0.017906883731484414,"z":-0.005019493401050568,"w":-0.9627296328544617},"size":3.77567982673645,"orthographic":false}