{"cameraMode":{"drawMode":0,"name":"Shaded","section":"Shading Mode"},"sceneLighting":false,"audioPlay":false,"sceneViewState":{"showFog":true,"showMaterialUpdate":false,"showSkybox":false,"showFlares":true,"showImageEffects":true,"showParticleSystems":true},"in2DMode":false,"pivot":{"x":-8.198149681091309,"y":4.076869010925293,"z":105.39480590820313},"rotation":{"x":0.1919892281293869,"y":-0.10867971926927567,"z":0.02144497074186802,"w":0.9751598238945007},"size":9.163750648498536,"orthographic":true}