{"cameraMode":{"drawMode":0,"name":"Shaded","section":"Shading Mode"},"sceneLighting":true,"audioPlay":false,"sceneViewState":{"showFog":true,"showMaterialUpdate":false,"showSkybox":false,"showFlares":true,"showImageEffects":true,"showParticleSystems":true},"in2DMode":false,"pivot":{"x":-6.855382442474365,"y":1.2199273109436036,"z":2.030848741531372},"rotation":{"x":-0.13954158127307893,"y":0.4977083206176758,"z":-0.08150821179151535,"w":-0.8521925806999207},"size":3.679342746734619,"orthographic":false}