{"cameraMode":{"drawMode":0,"name":"Shaded","section":"Shading Mode"},"sceneLighting":true,"audioPlay":false,"sceneViewState":{"showFog":true,"showMaterialUpdate":false,"showSkybox":false,"showFlares":true,"showImageEffects":true,"showParticleSystems":true},"in2DMode":false,"pivot":{"x":1.405975341796875,"y":1.71240234375,"z":84.962890625},"rotation":{"x":0.1384427696466446,"y":-0.014857692644000054,"z":0.0020639589056372644,"w":0.9903001189231873},"size":3.973926067352295,"orthographic":true}