{"cameraMode":{"drawMode":0,"name":"Shaded","section":"Shading Mode"},"sceneLighting":true,"audioPlay":false,"sceneViewState":{"showFog":true,"showMaterialUpdate":false,"showSkybox":false,"showFlares":true,"showImageEffects":true,"showParticleSystems":true},"in2DMode":false,"pivot":{"x":-4.414714813232422,"y":2.1506032943725588,"z":1.2156782150268555},"rotation":{"x":-0.13129308819770814,"y":0.09708607941865921,"z":-0.012926075607538224,"w":-0.9865232706069946},"size":4.2248711585998539,"orthographic":false}