{"cameraMode":{"drawMode":0,"name":"Shaded","section":"Shading Mode"},"sceneLighting":false,"audioPlay":false,"sceneViewState":{"showFog":true,"showMaterialUpdate":false,"showSkybox":false,"showFlares":true,"showImageEffects":true,"showParticleSystems":true},"in2DMode":false,"pivot":{"x":0.9428343772888184,"y":1.6698522567749024,"z":176.2943115234375},"rotation":{"x":-0.043152883648872378,"y":0.955010712146759,"z":-0.23553967475891114,"w":-0.17496617138385774},"size":9.728435516357422,"orthographic":false}