{"cameraMode":{"drawMode":0,"name":"Shaded","section":"Shading Mode"},"sceneLighting":true,"audioPlay":false,"sceneViewState":{"showFog":true,"showMaterialUpdate":false,"showSkybox":false,"showFlares":true,"showImageEffects":true,"showParticleSystems":true},"in2DMode":false,"pivot":{"x":-0.9058634042739868,"y":-0.42363905906677248,"z":2.7605104446411135},"rotation":{"x":0.3069349527359009,"y":0.012847831472754479,"z":-0.004143879283219576,"w":0.9516354203224182},"size":2.7096340656280519,"orthographic":false}