{"cameraMode":{"drawMode":0,"name":"Shaded","section":"Shading Mode"},"sceneLighting":false,"audioPlay":false,"sceneViewState":{"showFog":true,"showMaterialUpdate":false,"showSkybox":false,"showFlares":true,"showImageEffects":true,"showParticleSystems":true},"in2DMode":false,"pivot":{"x":7.739673614501953,"y":4.298642158508301,"z":75.03874969482422},"rotation":{"x":0.19202132523059846,"y":-0.1314566433429718,"z":0.025963546708226205,"w":0.9722091555595398},"size":8.89135456085205,"orthographic":true}