{"cameraMode":{"drawMode":0,"name":"Shaded","section":"Shading Mode"},"sceneLighting":true,"audioPlay":false,"sceneViewState":{"showFog":true,"showMaterialUpdate":false,"showSkybox":false,"showFlares":true,"showImageEffects":true,"showParticleSystems":true},"in2DMode":false,"pivot":{"x":6.099609375,"y":4.405672550201416,"z":1.1076900959014893},"rotation":{"x":0.24415060877799989,"y":0.5972652435302734,"z":-0.19759607315063477,"w":0.7379842400550842},"size":9.395347595214844,"orthographic":true}