{"cameraMode":{"drawMode":0,"name":"Shaded","section":"Shading Mode"},"sceneLighting":false,"audioPlay":false,"sceneViewState":{"showFog":true,"showMaterialUpdate":false,"showSkybox":false,"showFlares":true,"showImageEffects":true,"showParticleSystems":true},"in2DMode":false,"pivot":{"x":-7.187356948852539,"y":5.363210201263428,"z":154.84129333496095},"rotation":{"x":-0.043152883648872378,"y":0.955010712146759,"z":-0.23553967475891114,"w":-0.17496617138385774},"size":10.219925880432129,"orthographic":false}