{"cameraMode":{"drawMode":0,"name":"Shaded","section":"Shading Mode"},"sceneLighting":false,"audioPlay":false,"sceneViewState":{"showFog":true,"showMaterialUpdate":false,"showSkybox":false,"showFlares":true,"showImageEffects":true,"showParticleSystems":true},"in2DMode":false,"pivot":{"x":-15.958027839660645,"y":-2.409933567047119,"z":53.38774871826172},"rotation":{"x":-0.155709370970726,"y":0.5692029595375061,"z":-0.11083288490772248,"w":-0.7996748089790344},"size":18.05442237854004,"orthographic":false}