{"cameraMode":{"drawMode":0,"name":"Shaded","section":"Shading Mode"},"sceneLighting":false,"audioPlay":false,"sceneViewState":{"showFog":true,"showMaterialUpdate":false,"showSkybox":false,"showFlares":true,"showImageEffects":true,"showParticleSystems":true},"in2DMode":false,"pivot":{"x":1.121316909790039,"y":0.21184587478637696,"z":14.903414726257325},"rotation":{"x":0.32443156838417055,"y":0.22677333652973176,"z":-0.08042454719543457,"w":0.914800226688385},"size":3.475947380065918,"orthographic":false}