{"cameraMode":{"drawMode":0,"name":"Shaded","section":"Shading Mode"},"sceneLighting":false,"audioPlay":false,"sceneViewState":{"showFog":true,"showMaterialUpdate":false,"showSkybox":false,"showFlares":true,"showImageEffects":true,"showParticleSystems":true},"in2DMode":false,"pivot":{"x":8.295042037963868,"y":4.075687408447266,"z":114.701171875},"rotation":{"x":0.1185108944773674,"y":-0.14040829241275788,"z":0.016927579417824746,"w":0.9828396439552307},"size":8.884904861450196,"orthographic":true}