{"cameraMode":{"drawMode":0,"name":"Shaded","section":"Shading Mode"},"sceneLighting":true,"audioPlay":false,"sceneViewState":{"showFog":true,"showMaterialUpdate":false,"showSkybox":false,"showFlares":true,"showImageEffects":true,"showParticleSystems":true},"in2DMode":false,"pivot":{"x":0.0,"y":3.010915756225586,"z":2.328960657119751},"rotation":{"x":0.03885531798005104,"y":-0.08323974162340164,"z":0.003246941138058901,"w":0.9957757592201233},"size":18.470115661621095,"orthographic":true}