{"cameraMode":{"drawMode":0,"name":"Shaded","section":"Shading Mode"},"sceneLighting":false,"audioPlay":false,"sceneViewState":{"showFog":true,"showMaterialUpdate":false,"showSkybox":false,"showFlares":true,"showImageEffects":true,"showParticleSystems":true},"in2DMode":false,"pivot":{"x":-11.64091682434082,"y":3.3383169174194338,"z":72.9507827758789},"rotation":{"x":-0.155709370970726,"y":0.5692029595375061,"z":-0.11083288490772248,"w":-0.7996748089790344},"size":7.190409183502197,"orthographic":false}