{"cameraMode":{"drawMode":0,"name":"Shaded","section":"Shading Mode"},"sceneLighting":false,"audioPlay":false,"sceneViewState":{"showFog":true,"showMaterialUpdate":false,"showSkybox":false,"showFlares":true,"showImageEffects":true,"showParticleSystems":true},"in2DMode":false,"pivot":{"x":-0.49366921186447146,"y":0.18148529529571534,"z":57.38203811645508},"rotation":{"x":0.12144866585731507,"y":-0.03126604110002518,"z":0.0038280596490949394,"w":0.9921048879623413},"size":4.052348613739014,"orthographic":false}