{"cameraMode":{"drawMode":0,"name":"Shaded","section":"Shading Mode"},"sceneLighting":true,"audioPlay":false,"sceneViewState":{"showFog":true,"showMaterialUpdate":false,"showSkybox":false,"showFlares":true,"showImageEffects":true,"showParticleSystems":true},"in2DMode":false,"pivot":{"x":0.229248046875,"y":-0.583251953125,"z":76.7978515625},"rotation":{"x":0.09883464127779007,"y":0.00895609613507986,"z":-0.0008894636412151158,"w":0.9950652718544006},"size":3.405458927154541,"orthographic":true}