{"cameraMode":{"drawMode":0,"name":"Shaded","section":"Shading Mode"},"sceneLighting":true,"audioPlay":false,"sceneViewState":{"showFog":true,"showMaterialUpdate":false,"showSkybox":true,"showFlares":true,"showImageEffects":true,"showParticleSystems":true},"in2DMode":false,"pivot":{"x":685.48046875,"y":329.40283203125,"z":59.125},"rotation":{"x":-0.0029972537886351349,"y":0.04108963534235954,"z":0.00012424937449395657,"w":0.999167263507843},"size":356.5015563964844,"orthographic":true}