{"cameraMode":{"drawMode":0,"name":"Shaded","section":"Shading Mode"},"sceneLighting":true,"audioPlay":false,"sceneViewState":{"showFog":true,"showMaterialUpdate":false,"showSkybox":true,"showFlares":true,"showImageEffects":true,"showParticleSystems":true},"in2DMode":false,"pivot":{"x":1.8065185546875,"y":4.238037109375,"z":-0.56982421875},"rotation":{"x":0.16614265739917756,"y":-0.11127191036939621,"z":0.0188714899122715,"w":0.9796220660209656},"size":4.281123161315918,"orthographic":true}