{"cameraMode":{"drawMode":0,"name":"Shaded","section":"Shading Mode"},"sceneLighting":false,"audioPlay":false,"sceneViewState":{"showFog":true,"showMaterialUpdate":false,"showSkybox":false,"showFlares":true,"showImageEffects":true,"showParticleSystems":true},"in2DMode":false,"pivot":{"x":-0.7278447151184082,"y":1.3441033363342286,"z":116.09857177734375},"rotation":{"x":0.1185108944773674,"y":-0.14040829241275788,"z":0.016927579417824746,"w":0.9828396439552307},"size":16.075654983520509,"orthographic":true}