{"cameraMode":{"drawMode":0,"name":"Shaded","section":"Shading Mode"},"sceneLighting":false,"audioPlay":false,"sceneViewState":{"showFog":true,"showMaterialUpdate":false,"showSkybox":false,"showFlares":true,"showImageEffects":true,"showParticleSystems":true},"in2DMode":false,"pivot":{"x":-8.491961479187012,"y":4.886692047119141,"z":105.27403259277344},"rotation":{"x":0.1185108944773674,"y":-0.14040829241275788,"z":0.016927579417824746,"w":0.9828396439552307},"size":9.742790222167969,"orthographic":true}