{"cameraMode":{"drawMode":0,"name":"Shaded","section":"Shading Mode"},"sceneLighting":true,"audioPlay":false,"sceneViewState":{"showFog":true,"showMaterialUpdate":false,"showSkybox":false,"showFlares":true,"showImageEffects":true,"showParticleSystems":true},"in2DMode":false,"pivot":{"x":-5.986371994018555,"y":0.5218315124511719,"z":78.36604309082031},"rotation":{"x":0.1185108944773674,"y":-0.14040829241275788,"z":0.016927579417824746,"w":0.9828396439552307},"size":5.013680934906006,"orthographic":true}