{"cameraMode":{"drawMode":0,"name":"Shaded","section":"Shading Mode"},"sceneLighting":false,"audioPlay":false,"sceneViewState":{"showFog":true,"showMaterialUpdate":false,"showSkybox":false,"showFlares":true,"showImageEffects":true,"showParticleSystems":true},"in2DMode":false,"pivot":{"x":1.0509378910064698,"y":1.1050326824188233,"z":184.1716766357422},"rotation":{"x":-0.006663888227194548,"y":0.9817904233932495,"z":-0.1865886002779007,"w":-0.03506384417414665},"size":4.052348613739014,"orthographic":false}