{"cameraMode":{"drawMode":0,"name":"Shaded","section":"Shading Mode"},"sceneLighting":true,"audioPlay":false,"sceneViewState":{"showFog":true,"showMaterialUpdate":false,"showSkybox":false,"showFlares":true,"showImageEffects":true,"showParticleSystems":true},"in2DMode":false,"pivot":{"x":-1.8244868516921998,"y":0.4843759536743164,"z":15.821420669555664},"rotation":{"x":0.10601183027029038,"y":-0.07301777601242066,"z":0.007805931847542524,"w":0.9916499257087708},"size":6.87021541595459,"orthographic":false}