{"cameraMode":{"drawMode":0,"name":"Shaded","section":"Shading Mode"},"sceneLighting":false,"audioPlay":false,"sceneViewState":{"showFog":true,"showMaterialUpdate":false,"showSkybox":false,"showFlares":true,"showImageEffects":true,"showParticleSystems":true},"in2DMode":false,"pivot":{"x":-7.698149681091309,"y":3.455599308013916,"z":15.057145118713379},"rotation":{"x":0.3310168981552124,"y":-0.12490153312683106,"z":0.04425269365310669,"w":0.9342846870422363},"size":8.625734329223633,"orthographic":true}