{"cameraMode":{"drawMode":0,"name":"Shaded","section":"Shading Mode"},"sceneLighting":true,"audioPlay":false,"sceneViewState":{"showFog":true,"showMaterialUpdate":false,"showSkybox":true,"showFlares":true,"showImageEffects":true,"showParticleSystems":true},"in2DMode":false,"pivot":{"x":1.296630859375,"y":1.1778564453125,"z":-0.4287109375},"rotation":{"x":0.06577029079198837,"y":0.07416769862174988,"z":-0.004901590291410685,"w":0.9950678944587708},"size":27.403242111206056,"orthographic":true}