{"cameraMode":{"drawMode":0,"name":"Shaded","section":"Shading Mode"},"sceneLighting":false,"audioPlay":false,"sceneViewState":{"showFog":true,"showMaterialUpdate":false,"showSkybox":false,"showFlares":true,"showImageEffects":true,"showParticleSystems":true},"in2DMode":false,"pivot":{"x":-0.25183868408203127,"y":4.8851494789123539,"z":105.27403259277344},"rotation":{"x":0.1185108944773674,"y":-0.14040829241275788,"z":0.016927579417824746,"w":0.9828396439552307},"size":14.262490272521973,"orthographic":true}