{"cameraMode":{"drawMode":0,"name":"Shaded","section":"Shading Mode"},"sceneLighting":false,"audioPlay":false,"sceneViewState":{"showFog":true,"showMaterialUpdate":false,"showSkybox":false,"showFlares":true,"showImageEffects":true,"showParticleSystems":true},"in2DMode":false,"pivot":{"x":-0.02768707275390625,"y":4.544748783111572,"z":185.0},"rotation":{"x":-0.006663888227194548,"y":0.9817904233932495,"z":-0.1865886002779007,"w":-0.03506384417414665},"size":8.33702564239502,"orthographic":false}