{"cameraMode":{"drawMode":0,"name":"Shaded","section":"Shading Mode"},"sceneLighting":false,"audioPlay":false,"sceneViewState":{"showFog":true,"showMaterialUpdate":false,"showSkybox":false,"showFlares":true,"showImageEffects":true,"showParticleSystems":true},"in2DMode":false,"pivot":{"x":-2.171632766723633,"y":-0.14719772338867188,"z":42.87119674682617},"rotation":{"x":-0.0066912597976624969,"y":0.9877399206161499,"z":-0.1495947688817978,"w":-0.04418039694428444},"size":6.625061511993408,"orthographic":false}