{"cameraMode":{"drawMode":0,"name":"Shaded","section":"Shading Mode"},"sceneLighting":false,"audioPlay":false,"sceneViewState":{"showFog":true,"showMaterialUpdate":false,"showSkybox":false,"showFlares":true,"showImageEffects":true,"showParticleSystems":true},"in2DMode":false,"pivot":{"x":-0.2119777798652649,"y":-2.803262948989868,"z":130.44244384765626},"rotation":{"x":-0.009558778256177903,"y":0.9725287556648254,"z":-0.22905462980270387,"w":-0.040577102452516559},"size":6.068599224090576,"orthographic":false}