{"cameraMode":{"drawMode":0,"name":"Shaded","section":"Shading Mode"},"sceneLighting":true,"audioPlay":false,"sceneViewState":{"showFog":true,"showMaterialUpdate":false,"showSkybox":false,"showFlares":true,"showImageEffects":true,"showParticleSystems":true},"in2DMode":false,"pivot":{"x":6.313678741455078,"y":1.4574899673461915,"z":14.975919723510743},"rotation":{"x":0.3310168981552124,"y":-0.12490153312683106,"z":0.04425269365310669,"w":0.9342846870422363},"size":9.321698188781739,"orthographic":true}