{"cameraMode":{"drawMode":0,"name":"Shaded","section":"Shading Mode"},"sceneLighting":false,"audioPlay":false,"sceneViewState":{"showFog":true,"showMaterialUpdate":false,"showSkybox":false,"showFlares":true,"showImageEffects":true,"showParticleSystems":true},"in2DMode":false,"pivot":{"x":-0.616180419921875,"y":1.1744384765625,"z":120.4990234375},"rotation":{"x":0.029391737654805185,"y":-0.011994533240795136,"z":0.00035271650995127857,"w":0.9994957447052002},"size":6.323222637176514,"orthographic":true}