{"cameraMode":{"drawMode":0,"name":"Shaded","section":"Shading Mode"},"sceneLighting":false,"audioPlay":false,"sceneViewState":{"showFog":true,"showMaterialUpdate":false,"showSkybox":false,"showFlares":true,"showImageEffects":true,"showParticleSystems":true},"in2DMode":false,"pivot":{"x":-0.09011650085449219,"y":-1.4679937362670899,"z":94.0135498046875},"rotation":{"x":-0.011561498045921326,"y":0.9708009958267212,"z":-0.23480449616909028,"w":-0.04780098423361778},"size":4.9523491859436039,"orthographic":false}