{"cameraMode":{"drawMode":0,"name":"Shaded","section":"Shading Mode"},"sceneLighting":false,"audioPlay":false,"sceneViewState":{"showFog":true,"showMaterialUpdate":false,"showSkybox":false,"showFlares":true,"showImageEffects":true,"showParticleSystems":true},"in2DMode":false,"pivot":{"x":-0.7881885170936585,"y":0.38161349296569826,"z":140.99349975585938},"rotation":{"x":-0.006146430503576994,"y":0.9888999462127686,"z":-0.1421918272972107,"w":-0.04274603724479675},"size":4.65234899520874,"orthographic":false}