{"cameraMode":{"drawMode":0,"name":"Shaded","section":"Shading Mode"},"sceneLighting":false,"audioPlay":false,"sceneViewState":{"showFog":true,"showMaterialUpdate":false,"showSkybox":false,"showFlares":true,"showImageEffects":true,"showParticleSystems":true},"in2DMode":false,"pivot":{"x":-0.25183868408203127,"y":4.8851494789123539,"z":105.27403259277344},"rotation":{"x":0.3838683068752289,"y":0.04623238742351532,"z":-0.01925084739923477,"w":0.9220391511917114},"size":7.469254016876221,"orthographic":true}