{"cameraMode":{"drawMode":0,"name":"Shaded","section":"Shading Mode"},"sceneLighting":true,"audioPlay":false,"sceneViewState":{"showFog":true,"showMaterialUpdate":false,"showSkybox":false,"showFlares":true,"showImageEffects":true,"showParticleSystems":true},"in2DMode":false,"pivot":{"x":-2.3866541385650636,"y":0.9802983999252319,"z":2.8636221885681154},"rotation":{"x":0.07165592163801193,"y":-0.21812720596790315,"z":0.01606128364801407,"w":0.9731538891792297},"size":7.946282386779785,"orthographic":false}