{"cameraMode":{"drawMode":0,"name":"Shaded","section":"Shading Mode"},"sceneLighting":true,"audioPlay":false,"sceneViewState":{"showFog":true,"showMaterialUpdate":false,"showSkybox":false,"showFlares":true,"showImageEffects":true,"showParticleSystems":true},"in2DMode":false,"pivot":{"x":-0.526439905166626,"y":-1.4040961265563965,"z":146.57669067382813},"rotation":{"x":0.23776333034038545,"y":-0.08002693951129914,"z":0.01966007426381111,"w":0.9678215384483337},"size":7.081917762756348,"orthographic":false}