{"cameraMode":{"drawMode":0,"name":"Shaded","section":"Shading Mode"},"sceneLighting":true,"audioPlay":false,"sceneViewState":{"showFog":true,"showMaterialUpdate":false,"showSkybox":false,"showFlares":true,"showImageEffects":true,"showParticleSystems":true},"in2DMode":false,"pivot":{"x":-5.986371994018555,"y":0.7218313217163086,"z":78.36604309082031},"rotation":{"x":0.19202132523059846,"y":-0.1314566433429718,"z":0.025963546708226205,"w":0.9722091555595398},"size":4.256089687347412,"orthographic":true}