{"cameraMode":{"drawMode":0,"name":"Shaded","section":"Shading Mode"},"sceneLighting":false,"audioPlay":false,"sceneViewState":{"showFog":true,"showMaterialUpdate":false,"showSkybox":false,"showFlares":true,"showImageEffects":true,"showParticleSystems":true},"in2DMode":false,"pivot":{"x":-6.369655609130859,"y":2.5560414791107179,"z":27.200326919555665},"rotation":{"x":0.006196636240929365,"y":-0.18787837028503419,"z":0.0011857857462018729,"w":0.9821758270263672},"size":5.852349758148193,"orthographic":false}